2021-01-01 00:00:00+00:00,00:00,A,Eastern_England,15.25
2021-01-02 00:00:00+00:00,00:00,A,Eastern_England,15.6
2021-01-03 00:00:00+00:00,00:00,A,Eastern_England,14.89
2021-01-04 00:00:00+00:00,00:00,A,Eastern_England,15.14
2021-01-05 00:00:00+00:00,00:00,A,Eastern_England,15.16
2021-01-06 00:00:00+00:00,00:00,A,Eastern_England,25.79
2021-01-07 00:00:00+00:00,00:00,A,Eastern_England,19.07
2021-01-08 00:00:00+00:00,00:00,A,Eastern_England,20.61
2021-01-09 00:00:00+00:00,00:00,A,Eastern_England,15.91
2021-01-10 00:00:00+00:00,00:00,A,Eastern_England,16.18
2021-01-11 00:00:00+00:00,00:00,A,Eastern_England,15.62
2021-01-12 00:00:00+00:00,00:00,A,Eastern_England,21.73
2021-01-13 00:00:00+00:00,00:00,A,Eastern_England,32.56
2021-01-14 00:00:00+00:00,00:00,A,Eastern_England,28.94
2021-01-15 00:00:00+00:00,00:00,A,Eastern_England,27.0
2021-01-16 00:00:00+00:00,00:00,A,Eastern_England,15.07
2021-01-17 00:00:00+00:00,00:00,A,Eastern_England,15.06
2021-01-18 00:00:00+00:00,00:00,A,Eastern_England,15.17
2021-01-19 00:00:00+00:00,00:00,A,Eastern_England,15.14
2021-01-20 00:00:00+00:00,00:00,A,Eastern_England,14.84
2021-01-21 00:00:00+00:00,00:00,A,Eastern_England,14.73
2021-01-22 00:00:00+00:00,00:00,A,Eastern_England,15.67
2021-01-23 00:00:00+00:00,00:00,A,Eastern_England,15.67
2021-01-24 00:00:00+00:00,00:00,A,Eastern_England,17.03
2021-01-25 00:00:00+00:00,00:00,A,Eastern_England,15.44
2021-01-26 00:00:00+00:00,00:00,A,Eastern_England,16.21
2021-01-27 00:00:00+00:00,00:00,A,Eastern_England,16.16
2021-01-28 00:00:00+00:00,00:00,A,Eastern_England,14.86
2021-01-29 00:00:00+00:00,00:00,A,Eastern_England,14.95
2021-01-30 00:00:00+00:00,00:00,A,Eastern_England,15.31
2021-01-31 00:00:00+00:00,00:00,A,Eastern_England,15.16
2021-02-01 00:00:00+00:00,00:00,A,Eastern_England,17.65
2021-02-02 00:00:00+00:00,00:00,A,Eastern_England,14.76
2021-02-03 00:00:00+00:00,00:00,A,Eastern_England,14.61
2021-02-04 00:00:00+00:00,00:00,A,Eastern_England,14.68
2021-02-05 00:00:00+00:00,00:00,A,Eastern_England,14.75
2021-02-06 00:00:00+00:00,00:00,A,Eastern_England,14.79
2021-02-07 00:00:00+00:00,00:00,A,Eastern_England,13.42
2021-02-08 00:00:00+00:00,00:00,A,Eastern_England,14.22
2021-02-09 00:00:00+00:00,00:00,A,Eastern_England,15.54
2021-02-10 00:00:00+00:00,00:00,A,Eastern_England,17.95
2021-02-11 00:00:00+00:00,00:00,A,Eastern_England,16.25
2021-02-12 00:00:00+00:00,00:00,A,Eastern_England,14.82
2021-02-13 00:00:00+00:00,00:00,A,Eastern_England,13.86
2021-02-14 00:00:00+00:00,00:00,A,Eastern_England,13.56
2021-02-15 00:00:00+00:00,00:00,A,Eastern_England,14.11
2021-02-16 00:00:00+00:00,00:00,A,Eastern_England,13.78
2021-02-17 00:00:00+00:00,00:00,A,Eastern_England,13.47
2021-02-18 00:00:00+00:00,00:00,A,Eastern_England,13.4
2021-02-19 00:00:00+00:00,00:00,A,Eastern_England,13.39
2021-02-20 00:00:00+00:00,00:00,A,Eastern_England,13.15
2021-02-21 00:00:00+00:00,00:00,A,Eastern_England,12.86
2021-02-22 00:00:00+00:00,00:00,A,Eastern_England,14.4
2021-02-23 00:00:00+00:00,00:00,A,Eastern_England,13.11
2021-02-24 00:00:00+00:00,00:00,A,Eastern_England,12.74
2021-02-25 00:00:00+00:00,00:00,A,Eastern_England,13.47
2021-02-26 00:00:00+00:00,00:00,A,Eastern_England,14.26
2021-02-27 00:00:00+00:00,00:00,A,Eastern_England,14.28
2021-02-28 00:00:00+00:00,00:00,A,Eastern_England,14.47
2021-03-01 00:00:00+00:00,00:00,A,Eastern_England,15.17
2021-03-02 00:00:00+00:00,00:00,A,Eastern_England,18.1
2021-03-03 00:00:00+00:00,00:00,A,Eastern_England,19.12
2021-03-04 00:00:00+00:00,00:00,A,Eastern_England,14.56
2021-03-05 00:00:00+00:00,00:00,A,Eastern_England,15.77
2021-03-06 00:00:00+00:00,00:00,A,Eastern_England,15.52
2021-03-07 00:00:00+00:00,00:00,A,Eastern_England,15.11
2021-03-08 00:00:00+00:00,00:00,A,Eastern_England,17.35
2021-03-09 00:00:00+00:00,00:00,A,Eastern_England,14.54
2021-03-10 00:00:00+00:00,00:00,A,Eastern_England,14.14
2021-03-11 00:00:00+00:00,00:00,A,Eastern_England,13.19
2021-03-12 00:00:00+00:00,00:00,A,Eastern_England,13.44
2021-03-13 00:00:00+00:00,00:00,A,Eastern_England,14.01
2021-03-14 00:00:00+00:00,00:00,A,Eastern_England,13.5
2021-03-15 00:00:00+00:00,00:00,A,Eastern_England,15.53
2021-03-16 00:00:00+00:00,00:00,A,Eastern_England,14.86
2021-03-17 00:00:00+00:00,00:00,A,Eastern_England,14.72
2021-03-18 00:00:00+00:00,00:00,A,Eastern_England,14.57
2021-03-19 00:00:00+00:00,00:00,A,Eastern_England,15.89
2021-03-20 00:00:00+00:00,00:00,A,Eastern_England,14.49
2021-03-21 00:00:00+00:00,00:00,A,Eastern_England,14.48
2021-03-22 00:00:00+00:00,00:00,A,Eastern_England,14.92
2021-03-23 00:00:00+00:00,00:00,A,Eastern_England,14.27
2021-03-24 00:00:00+00:00,00:00,A,Eastern_England,14.36
2021-03-25 00:00:00+00:00,00:00,A,Eastern_England,14.64
2021-03-26 00:00:00+00:00,00:00,A,Eastern_England,13.85
2021-03-27 00:00:00+00:00,00:00,A,Eastern_England,13.08
2021-03-28 00:00:00+00:00,00:00,A,Eastern_England,10.61
2021-03-29 00:00:00+00:00,00:00,A,Eastern_England,12.58
2021-03-30 00:00:00+00:00,00:00,A,Eastern_England,14.05
2021-03-31 00:00:00+00:00,00:00,A,Eastern_England,14.49
2021-04-01 00:00:00+00:00,00:00,A,Eastern_England,14.71
2021-04-02 00:00:00+00:00,00:00,A,Eastern_England,14.8
2021-04-03 00:00:00+00:00,00:00,A,Eastern_England,14.77
2021-04-04 00:00:00+00:00,00:00,A,Eastern_England,14.33
2021-04-05 00:00:00+00:00,00:00,A,Eastern_England,11.4
2021-04-06 00:00:00+00:00,00:00,A,Eastern_England,14.29
2021-04-07 00:00:00+00:00,00:00,A,Eastern_England,15.5
2021-04-08 00:00:00+00:00,00:00,A,Eastern_England,15.24
2021-04-09 00:00:00+00:00,00:00,A,Eastern_England,15.74
2021-04-10 00:00:00+00:00,00:00,A,Eastern_England,15.48
2021-04-11 00:00:00+00:00,00:00,A,Eastern_England,15.37
2021-04-12 00:00:00+00:00,00:00,A,Eastern_England,16.68
2021-04-13 00:00:00+00:00,00:00,A,Eastern_England,20.72
2021-04-14 00:00:00+00:00,00:00,A,Eastern_England,20.29
2021-04-15 00:00:00+00:00,00:00,A,Eastern_England,16.42
2021-04-16 00:00:00+00:00,00:00,A,Eastern_England,16.46
2021-04-17 00:00:00+00:00,00:00,A,Eastern_England,16.11
2021-04-18 00:00:00+00:00,00:00,A,Eastern_England,16.29
2021-04-19 00:00:00+00:00,00:00,A,Eastern_England,16.33
2021-04-20 00:00:00+00:00,00:00,A,Eastern_England,16.15
2021-04-21 00:00:00+00:00,00:00,A,Eastern_England,15.32
2021-04-22 00:00:00+00:00,00:00,A,Eastern_England,15.93
2021-04-23 00:00:00+00:00,00:00,A,Eastern_England,15.92
2021-04-24 00:00:00+00:00,00:00,A,Eastern_England,15.67
2021-04-25 00:00:00+00:00,00:00,A,Eastern_England,15.25
2021-04-26 00:00:00+00:00,00:00,A,Eastern_England,15.94
2021-04-27 00:00:00+00:00,00:00,A,Eastern_England,15.79
2021-04-28 00:00:00+00:00,00:00,A,Eastern_England,15.6
2021-04-29 00:00:00+00:00,00:00,A,Eastern_England,16.09
2021-04-30 00:00:00+00:00,00:00,A,Eastern_England,17.1
2021-05-01 00:00:00+00:00,00:00,A,Eastern_England,16.35
2021-05-02 00:00:00+00:00,00:00,A,Eastern_England,16.36
2021-05-03 00:00:00+00:00,00:00,A,Eastern_England,16.19
2021-05-04 00:00:00+00:00,00:00,A,Eastern_England,14.71
2021-05-05 00:00:00+00:00,00:00,A,Eastern_England,16.95
2021-05-06 00:00:00+00:00,00:00,A,Eastern_England,16.91
2021-05-07 00:00:00+00:00,00:00,A,Eastern_England,17.55
2021-05-08 00:00:00+00:00,00:00,A,Eastern_England,16.17
2021-05-09 00:00:00+00:00,00:00,A,Eastern_England,15.68
2021-05-10 00:00:00+00:00,00:00,A,Eastern_England,16.5
2021-05-11 00:00:00+00:00,00:00,A,Eastern_England,16.75
2021-05-12 00:00:00+00:00,00:00,A,Eastern_England,17.48
2021-05-13 00:00:00+00:00,00:00,A,Eastern_England,18.48
2021-05-14 00:00:00+00:00,00:00,A,Eastern_England,18.05
2021-05-15 00:00:00+00:00,00:00,A,Eastern_England,17.29
2021-05-16 00:00:00+00:00,00:00,A,Eastern_England,17.57
2021-05-17 00:00:00+00:00,00:00,A,Eastern_England,17.78
2021-05-18 00:00:00+00:00,00:00,A,Eastern_England,17.92
2021-05-19 00:00:00+00:00,00:00,A,Eastern_England,17.94
2021-05-20 00:00:00+00:00,00:00,A,Eastern_England,16.23
2021-05-21 00:00:00+00:00,00:00,A,Eastern_England,14.76
2021-05-22 00:00:00+00:00,00:00,A,Eastern_England,15.56
2021-05-23 00:00:00+00:00,00:00,A,Eastern_England,16.81
2021-05-24 00:00:00+00:00,00:00,A,Eastern_England,17.09
2021-05-25 00:00:00+00:00,00:00,A,Eastern_England,16.61
2021-05-26 00:00:00+00:00,00:00,A,Eastern_England,17.14
2021-05-27 00:00:00+00:00,00:00,A,Eastern_England,18.02
2021-05-28 00:00:00+00:00,00:00,A,Eastern_England,18.12
2021-05-29 00:00:00+00:00,00:00,A,Eastern_England,17.15
2021-05-30 00:00:00+00:00,00:00,A,Eastern_England,16.33
2021-05-31 00:00:00+00:00,00:00,A,Eastern_England,16.52
2021-06-01 00:00:00+00:00,00:00,A,Eastern_England,16.42
2021-06-02 00:00:00+00:00,00:00,A,Eastern_England,16.61
2021-06-03 00:00:00+00:00,00:00,A,Eastern_England,16.53
2021-06-04 00:00:00+00:00,00:00,A,Eastern_England,16.75
2021-06-05 00:00:00+00:00,00:00,A,Eastern_England,16.47
2021-06-06 00:00:00+00:00,00:00,A,Eastern_England,16.72
2021-06-07 00:00:00+00:00,00:00,A,Eastern_England,16.75
2021-06-08 00:00:00+00:00,00:00,A,Eastern_England,16.32
2021-06-09 00:00:00+00:00,00:00,A,Eastern_England,16.53
2021-06-10 00:00:00+00:00,00:00,A,Eastern_England,16.44
2021-06-11 00:00:00+00:00,00:00,A,Eastern_England,16.39
2021-06-12 00:00:00+00:00,00:00,A,Eastern_England,16.95
2021-06-13 00:00:00+00:00,00:00,A,Eastern_England,16.97
2021-06-14 00:00:00+00:00,00:00,A,Eastern_England,17.0
2021-06-15 00:00:00+00:00,00:00,A,Eastern_England,17.41
2021-06-16 00:00:00+00:00,00:00,A,Eastern_England,17.76
2021-06-17 00:00:00+00:00,00:00,A,Eastern_England,17.67
2021-06-18 00:00:00+00:00,00:00,A,Eastern_England,17.28
2021-06-19 00:00:00+00:00,00:00,A,Eastern_England,17.41
2021-06-20 00:00:00+00:00,00:00,A,Eastern_England,17.95
2021-06-21 00:00:00+00:00,00:00,A,Eastern_England,17.57
2021-06-22 00:00:00+00:00,00:00,A,Eastern_England,17.82
2021-06-23 00:00:00+00:00,00:00,A,Eastern_England,18.46
2021-06-24 00:00:00+00:00,00:00,A,Eastern_England,18.04
2021-06-25 00:00:00+00:00,00:00,A,Eastern_England,17.77
2021-06-26 00:00:00+00:00,00:00,A,Eastern_England,18.68
2021-06-27 00:00:00+00:00,00:00,A,Eastern_England,18.27
2021-06-28 00:00:00+00:00,00:00,A,Eastern_England,18.68
2021-06-29 00:00:00+00:00,00:00,A,Eastern_England,18.6
2021-06-30 00:00:00+00:00,00:00,A,Eastern_England,18.44
2021-07-01 00:00:00+00:00,00:00,A,Eastern_England,18.81
2021-07-02 00:00:00+00:00,00:00,A,Eastern_England,19.77
2021-07-03 00:00:00+00:00,00:00,A,Eastern_England,19.08
2021-07-04 00:00:00+00:00,00:00,A,Eastern_England,18.77
2021-07-05 00:00:00+00:00,00:00,A,Eastern_England,18.9
2021-07-06 00:00:00+00:00,00:00,A,Eastern_England,19.23
2021-07-07 00:00:00+00:00,00:00,A,Eastern_England,19.33
2021-07-08 00:00:00+00:00,00:00,A,Eastern_England,19.35
2021-07-09 00:00:00+00:00,00:00,A,Eastern_England,19.03
2021-07-10 00:00:00+00:00,00:00,A,Eastern_England,19.53
2021-07-11 00:00:00+00:00,00:00,A,Eastern_England,19.06
2021-07-12 00:00:00+00:00,00:00,A,Eastern_England,20.19
2021-07-13 00:00:00+00:00,00:00,A,Eastern_England,19.05
2021-07-14 00:00:00+00:00,00:00,A,Eastern_England,18.26
2021-07-15 00:00:00+00:00,00:00,A,Eastern_England,18.5
2021-07-16 00:00:00+00:00,00:00,A,Eastern_England,18.0
2021-07-17 00:00:00+00:00,00:00,A,Eastern_England,18.3
2021-07-18 00:00:00+00:00,00:00,A,Eastern_England,18.52
2021-07-19 00:00:00+00:00,00:00,A,Eastern_England,19.17
2021-07-20 00:00:00+00:00,00:00,A,Eastern_England,19.45
2021-07-21 00:00:00+00:00,00:00,A,Eastern_England,19.91
2021-07-22 00:00:00+00:00,00:00,A,Eastern_England,20.03
2021-07-23 00:00:00+00:00,00:00,A,Eastern_England,19.12
2021-07-24 00:00:00+00:00,00:00,A,Eastern_England,19.34
2021-07-25 00:00:00+00:00,00:00,A,Eastern_England,19.74
2021-07-26 00:00:00+00:00,00:00,A,Eastern_England,21.05
2021-07-27 00:00:00+00:00,00:00,A,Eastern_England,20.7
2021-07-28 00:00:00+00:00,00:00,A,Eastern_England,19.14
2021-07-29 00:00:00+00:00,00:00,A,Eastern_England,18.45
2021-07-30 00:00:00+00:00,00:00,A,Eastern_England,19.89
2021-07-31 00:00:00+00:00,00:00,A,Eastern_England,20.12
2021-08-01 00:00:00+00:00,00:00,A,Eastern_England,20.15
2021-08-02 00:00:00+00:00,00:00,A,Eastern_England,22.51
2021-08-03 00:00:00+00:00,00:00,A,Eastern_England,21.39
2021-08-04 00:00:00+00:00,00:00,A,Eastern_England,20.72
2021-08-05 00:00:00+00:00,00:00,A,Eastern_England,19.93
2021-08-06 00:00:00+00:00,00:00,A,Eastern_England,19.88
2021-08-07 00:00:00+00:00,00:00,A,Eastern_England,19.66
2021-08-08 00:00:00+00:00,00:00,A,Eastern_England,18.24
2021-08-09 00:00:00+00:00,00:00,A,Eastern_England,20.78
2021-08-10 00:00:00+00:00,00:00,A,Eastern_England,21.14
2021-08-11 00:00:00+00:00,00:00,A,Eastern_England,21.01
2021-08-12 00:00:00+00:00,00:00,A,Eastern_England,20.53
2021-08-13 00:00:00+00:00,00:00,A,Eastern_England,20.18
2021-08-14 00:00:00+00:00,00:00,A,Eastern_England,20.44
2021-08-15 00:00:00+00:00,00:00,A,Eastern_England,20.75
2021-08-16 00:00:00+00:00,00:00,A,Eastern_England,19.0
2021-08-17 00:00:00+00:00,00:00,A,Eastern_England,21.02
2021-08-18 00:00:00+00:00,00:00,A,Eastern_England,21.71
2021-08-19 00:00:00+00:00,00:00,A,Eastern_England,23.85
2021-08-20 00:00:00+00:00,00:00,A,Eastern_England,21.9
2021-08-21 00:00:00+00:00,00:00,A,Eastern_England,20.73
2021-08-22 00:00:00+00:00,00:00,A,Eastern_England,20.93
2021-08-23 00:00:00+00:00,00:00,A,Eastern_England,21.13
2021-08-24 00:00:00+00:00,00:00,A,Eastern_England,22.44
2021-08-25 00:00:00+00:00,00:00,A,Eastern_England,21.47
2021-08-26 00:00:00+00:00,00:00,A,Eastern_England,20.96
2021-08-27 00:00:00+00:00,00:00,A,Eastern_England,21.52
2021-08-28 00:00:00+00:00,00:00,A,Eastern_England,21.33
2021-08-29 00:00:00+00:00,00:00,A,Eastern_England,21.29
2021-08-30 00:00:00+00:00,00:00,A,Eastern_England,21.4
2021-08-31 00:00:00+00:00,00:00,A,Eastern_England,21.86
2021-09-01 00:00:00+00:00,00:00,A,Eastern_England,23.25
2021-09-02 00:00:00+00:00,00:00,A,Eastern_England,25.27
2021-09-03 00:00:00+00:00,00:00,A,Eastern_England,28.04
2021-09-04 00:00:00+00:00,00:00,A,Eastern_England,23.32
2021-09-05 00:00:00+00:00,00:00,A,Eastern_England,23.25
2021-09-06 00:00:00+00:00,00:00,A,Eastern_England,35.17
2021-09-07 00:00:00+00:00,00:00,A,Eastern_England,31.12
2021-09-08 00:00:00+00:00,00:00,A,Eastern_England,24.03
2021-09-09 00:00:00+00:00,00:00,A,Eastern_England,42.47
2021-09-10 00:00:00+00:00,00:00,A,Eastern_England,38.76
2021-09-11 00:00:00+00:00,00:00,A,Eastern_England,23.68
2021-09-12 00:00:00+00:00,00:00,A,Eastern_England,27.81
2021-09-13 00:00:00+00:00,00:00,A,Eastern_England,33.72
2021-09-14 00:00:00+00:00,00:00,A,Eastern_England,52.16
2021-09-15 00:00:00+00:00,00:00,A,Eastern_England,61.06
2021-09-16 00:00:00+00:00,00:00,A,Eastern_England,59.83
2021-09-17 00:00:00+00:00,00:00,A,Eastern_England,27.7
2021-09-18 00:00:00+00:00,00:00,A,Eastern_England,27.29
2021-09-19 00:00:00+00:00,00:00,A,Eastern_England,27.21
2021-09-20 00:00:00+00:00,00:00,A,Eastern_England,37.45
2021-09-21 00:00:00+00:00,00:00,A,Eastern_England,28.07
2021-09-22 00:00:00+00:00,00:00,A,Eastern_England,27.69
2021-09-23 00:00:00+00:00,00:00,A,Eastern_England,26.28
2021-09-24 00:00:00+00:00,00:00,A,Eastern_England,26.0
2021-09-25 00:00:00+00:00,00:00,A,Eastern_England,26.96
2021-09-26 00:00:00+00:00,00:00,A,Eastern_England,25.11
2021-09-27 00:00:00+00:00,00:00,A,Eastern_England,25.16
2021-09-28 00:00:00+00:00,00:00,A,Eastern_England,26.65
2021-09-29 00:00:00+00:00,00:00,A,Eastern_England,27.68
2021-09-30 00:00:00+00:00,00:00,A,Eastern_England,28.17
2021-10-01 00:00:00+00:00,00:00,A,Eastern_England,27.96
2021-10-02 00:00:00+00:00,00:00,A,Eastern_England,30.5
2021-10-03 00:00:00+00:00,00:00,A,Eastern_England,25.91
2021-10-04 00:00:00+00:00,00:00,A,Eastern_England,29.86
2021-10-05 00:00:00+00:00,00:00,A,Eastern_England,30.37
2021-10-06 00:00:00+00:00,00:00,A,Eastern_England,32.52
2021-10-07 00:00:00+00:00,00:00,A,Eastern_England,41.86
2021-10-08 00:00:00+00:00,00:00,A,Eastern_England,34.09
2021-10-09 00:00:00+00:00,00:00,A,Eastern_England,32.87
2021-10-10 00:00:00+00:00,00:00,A,Eastern_England,28.92
2021-10-11 00:00:00+00:00,00:00,A,Eastern_England,30.91
2021-10-12 00:00:00+00:00,00:00,A,Eastern_England,34.62
2021-10-13 00:00:00+00:00,00:00,A,Eastern_England,30.92
2021-10-14 00:00:00+00:00,00:00,A,Eastern_England,30.32
2021-10-15 00:00:00+00:00,00:00,A,Eastern_England,45.16
2021-10-16 00:00:00+00:00,00:00,A,Eastern_England,33.18
2021-10-17 00:00:00+00:00,00:00,A,Eastern_England,30.57
2021-10-18 00:00:00+00:00,00:00,A,Eastern_England,31.12
2021-10-19 00:00:00+00:00,00:00,A,Eastern_England,29.91
2021-10-20 00:00:00+00:00,00:00,A,Eastern_England,25.42
2021-10-21 00:00:00+00:00,00:00,A,Eastern_England,25.05
2021-10-22 00:00:00+00:00,00:00,A,Eastern_England,28.82
2021-10-23 00:00:00+00:00,00:00,A,Eastern_England,30.18
2021-10-24 00:00:00+00:00,00:00,A,Eastern_England,26.3
2021-10-25 00:00:00+00:00,00:00,A,Eastern_England,30.04
2021-10-26 00:00:00+00:00,00:00,A,Eastern_England,30.32
2021-10-27 00:00:00+00:00,00:00,A,Eastern_England,26.63
2021-10-28 00:00:00+00:00,00:00,A,Eastern_England,28.55
2021-10-29 00:00:00+00:00,00:00,A,Eastern_England,28.16
2021-10-30 00:00:00+00:00,00:00,A,Eastern_England,24.06
2021-10-31 00:00:00+00:00,00:00,A,Eastern_England,18.73
2021-11-01 00:00:00+00:00,00:00,A,Eastern_England,20.67
2021-11-02 00:00:00+00:00,00:00,A,Eastern_England,38.84
2021-11-03 00:00:00+00:00,00:00,A,Eastern_England,27.66
2021-11-04 00:00:00+00:00,00:00,A,Eastern_England,27.44
2021-11-05 00:00:00+00:00,00:00,A,Eastern_England,28.54
2021-11-06 00:00:00+00:00,00:00,A,Eastern_England,25.83
2021-11-07 00:00:00+00:00,00:00,A,Eastern_England,19.13
2021-11-08 00:00:00+00:00,00:00,A,Eastern_England,27.84
2021-11-09 00:00:00+00:00,00:00,A,Eastern_England,28.2
2021-11-10 00:00:00+00:00,00:00,A,Eastern_England,31.96
2021-11-11 00:00:00+00:00,00:00,A,Eastern_England,26.66
2021-11-12 00:00:00+00:00,00:00,A,Eastern_England,25.65
2021-11-13 00:00:00+00:00,00:00,A,Eastern_England,27.29
2021-11-14 00:00:00+00:00,00:00,A,Eastern_England,26.82
2021-11-15 00:00:00+00:00,00:00,A,Eastern_England,46.3
2021-11-16 00:00:00+00:00,00:00,A,Eastern_England,29.57
2021-11-17 00:00:00+00:00,00:00,A,Eastern_England,29.79
2021-11-18 00:00:00+00:00,00:00,A,Eastern_England,31.71
2021-11-19 00:00:00+00:00,00:00,A,Eastern_England,31.17
2021-11-20 00:00:00+00:00,00:00,A,Eastern_England,30.65
2021-11-21 00:00:00+00:00,00:00,A,Eastern_England,29.15
2021-11-22 00:00:00+00:00,00:00,A,Eastern_England,32.73
2021-11-23 00:00:00+00:00,00:00,A,Eastern_England,40.61
2021-11-24 00:00:00+00:00,00:00,A,Eastern_England,38.18
2021-11-25 00:00:00+00:00,00:00,A,Eastern_England,33.56
2021-11-26 00:00:00+00:00,00:00,A,Eastern_England,31.67
2021-11-27 00:00:00+00:00,00:00,A,Eastern_England,32.39
2021-11-28 00:00:00+00:00,00:00,A,Eastern_England,31.65
2021-11-29 00:00:00+00:00,00:00,A,Eastern_England,39.33
2021-11-30 00:00:00+00:00,00:00,A,Eastern_England,33.85
2021-12-01 00:00:00+00:00,00:00,A,Eastern_England,33.17
2021-12-02 00:00:00+00:00,00:00,A,Eastern_England,37.21
2021-12-03 00:00:00+00:00,00:00,A,Eastern_England,40.18
2021-12-04 00:00:00+00:00,00:00,A,Eastern_England,32.26
2021-12-05 00:00:00+00:00,00:00,A,Eastern_England,32.17
2021-12-06 00:00:00+00:00,00:00,A,Eastern_England,33.41
2021-12-07 00:00:00+00:00,00:00,A,Eastern_England,32.37
2021-12-08 00:00:00+00:00,00:00,A,Eastern_England,33.09
2021-12-09 00:00:00+00:00,00:00,A,Eastern_England,38.03
2021-12-10 00:00:00+00:00,00:00,A,Eastern_England,34.78
2021-12-11 00:00:00+00:00,00:00,A,Eastern_England,34.45
2021-12-12 00:00:00+00:00,00:00,A,Eastern_England,34.87
2021-12-13 00:00:00+00:00,00:00,A,Eastern_England,36.67
2021-12-14 00:00:00+00:00,00:00,A,Eastern_England,40.08
2021-12-15 00:00:00+00:00,00:00,A,Eastern_England,40.72
2021-12-16 00:00:00+00:00,00:00,A,Eastern_England,59.42
2021-12-17 00:00:00+00:00,00:00,A,Eastern_England,58.86
2021-12-18 00:00:00+00:00,00:00,A,Eastern_England,43.89
2021-12-19 00:00:00+00:00,00:00,A,Eastern_England,42.78
2021-12-20 00:00:00+00:00,00:00,A,Eastern_England,52.06
2021-12-21 00:00:00+00:00,00:00,A,Eastern_England,57.97
2021-12-22 00:00:00+00:00,00:00,A,Eastern_England,51.31
2021-12-23 00:00:00+00:00,00:00,A,Eastern_England,49.39
2021-12-24 00:00:00+00:00,00:00,A,Eastern_England,45.71
2021-12-25 00:00:00+00:00,00:00,A,Eastern_England,30.78
2021-12-26 00:00:00+00:00,00:00,A,Eastern_England,27.27
2021-12-27 00:00:00+00:00,00:00,A,Eastern_England,30.84
2021-12-28 00:00:00+00:00,00:00,A,Eastern_England,30.0
2021-12-29 00:00:00+00:00,00:00,A,Eastern_England,30.53
2021-12-30 00:00:00+00:00,00:00,A,Eastern_England,22.14
2021-12-31 00:00:00+00:00,00:00,A,Eastern_England,22.64
2022-01-01 00:00:00+00:00,00:00,A,Eastern_England,16.25
2022-01-02 00:00:00+00:00,00:00,A,Eastern_England,14.58
2022-01-03 00:00:00+00:00,00:00,A,Eastern_England,16.05
2022-01-04 00:00:00+00:00,00:00,A,Eastern_England,24.64
2022-01-05 00:00:00+00:00,00:00,A,Eastern_England,28.56
2022-01-06 00:00:00+00:00,00:00,A,Eastern_England,32.46
2022-01-07 00:00:00+00:00,00:00,A,Eastern_England,31.92
2022-01-08 00:00:00+00:00,00:00,A,Eastern_England,31.75
2022-01-09 00:00:00+00:00,00:00,A,Eastern_England,28.36
2022-01-10 00:00:00+00:00,00:00,A,Eastern_England,32.63
2022-01-11 00:00:00+00:00,00:00,A,Eastern_England,33.94
2022-01-12 00:00:00+00:00,00:00,A,Eastern_England,31.82
2022-01-13 00:00:00+00:00,00:00,A,Eastern_England,31.37
2022-01-14 00:00:00+00:00,00:00,A,Eastern_England,46.79
2022-01-15 00:00:00+00:00,00:00,A,Eastern_England,32.27
2022-01-16 00:00:00+00:00,00:00,A,Eastern_England,29.9
2022-01-17 00:00:00+00:00,00:00,A,Eastern_England,42.1
2022-01-18 00:00:00+00:00,00:00,A,Eastern_England,32.45
2022-01-19 00:00:00+00:00,00:00,A,Eastern_England,29.17
2022-01-20 00:00:00+00:00,00:00,A,Eastern_England,30.45
2022-01-21 00:00:00+00:00,00:00,A,Eastern_England,29.8
2022-01-22 00:00:00+00:00,00:00,A,Eastern_England,28.73
2022-01-23 00:00:00+00:00,00:00,A,Eastern_England,29.13
2022-01-24 00:00:00+00:00,00:00,A,Eastern_England,43.37
2022-01-25 00:00:00+00:00,00:00,A,Eastern_England,36.08
2022-01-26 00:00:00+00:00,00:00,A,Eastern_England,32.01
2022-01-27 00:00:00+00:00,00:00,A,Eastern_England,30.89
2022-01-28 00:00:00+00:00,00:00,A,Eastern_England,31.85
2022-01-29 00:00:00+00:00,00:00,A,Eastern_England,26.48
2022-01-30 00:00:00+00:00,00:00,A,Eastern_England,31.91
2022-01-31 00:00:00+00:00,00:00,A,Eastern_England,29.27
2022-02-01 00:00:00+00:00,00:00,A,Eastern_England,29.5
2022-02-02 00:00:00+00:00,00:00,A,Eastern_England,29.46
2022-02-03 00:00:00+00:00,00:00,A,Eastern_England,28.11
2022-02-04 00:00:00+00:00,00:00,A,Eastern_England,27.55
2022-02-05 00:00:00+00:00,00:00,A,Eastern_England,27.54
2022-02-06 00:00:00+00:00,00:00,A,Eastern_England,23.52
2022-02-07 00:00:00+00:00,00:00,A,Eastern_England,29.8
2022-02-08 00:00:00+00:00,00:00,A,Eastern_England,27.43
2022-02-09 00:00:00+00:00,00:00,A,Eastern_England,28.45
2022-02-10 00:00:00+00:00,00:00,A,Eastern_England,28.4
2022-02-11 00:00:00+00:00,00:00,A,Eastern_England,29.02
2022-02-12 00:00:00+00:00,00:00,A,Eastern_England,26.89
2022-02-13 00:00:00+00:00,00:00,A,Eastern_England,27.88
2022-02-14 00:00:00+00:00,00:00,A,Eastern_England,28.55
2022-02-15 00:00:00+00:00,00:00,A,Eastern_England,28.71
2022-02-16 00:00:00+00:00,00:00,A,Eastern_England,26.53
2022-02-17 00:00:00+00:00,00:00,A,Eastern_England,22.52
2022-02-18 00:00:00+00:00,00:00,A,Eastern_England,27.43
2022-02-19 00:00:00+00:00,00:00,A,Eastern_England,25.2
2022-02-20 00:00:00+00:00,00:00,A,Eastern_England,22.11
2022-02-21 00:00:00+00:00,00:00,A,Eastern_England,25.59
2022-02-22 00:00:00+00:00,00:00,A,Eastern_England,26.81
2022-02-23 00:00:00+00:00,00:00,A,Eastern_England,27.74
2022-02-24 00:00:00+00:00,00:00,A,Eastern_England,27.89
2022-02-25 00:00:00+00:00,00:00,A,Eastern_England,34.74
2022-02-26 00:00:00+00:00,00:00,A,Eastern_England,33.04
2022-02-27 00:00:00+00:00,00:00,A,Eastern_England,30.16
2022-02-28 00:00:00+00:00,00:00,A,Eastern_England,31.08
2022-03-01 00:00:00+00:00,00:00,A,Eastern_England,37.81
2022-03-02 00:00:00+00:00,00:00,A,Eastern_England,35.25
2022-03-03 00:00:00+00:00,00:00,A,Eastern_England,45.94
2022-03-04 00:00:00+00:00,00:00,A,Eastern_England,52.29
2022-03-05 00:00:00+00:00,00:00,A,Eastern_England,47.73
2022-03-06 00:00:00+00:00,00:00,A,Eastern_England,53.72
2022-03-07 00:00:00+00:00,00:00,A,Eastern_England,54.54
2022-03-08 00:00:00+00:00,00:00,A,Eastern_England,57.46
2022-03-09 00:00:00+00:00,00:00,A,Eastern_England,57.16
2022-03-10 00:00:00+00:00,00:00,A,Eastern_England,46.21
2022-03-11 00:00:00+00:00,00:00,A,Eastern_England,37.95
2022-03-12 00:00:00+00:00,00:00,A,Eastern_England,33.63
2022-03-13 00:00:00+00:00,00:00,A,Eastern_England,29.99
2022-03-14 00:00:00+00:00,00:00,A,Eastern_England,37.47
2022-03-15 00:00:00+00:00,00:00,A,Eastern_England,37.33
2022-03-16 00:00:00+00:00,00:00,A,Eastern_England,40.18
2022-03-17 00:00:00+00:00,00:00,A,Eastern_England,35.03
2022-03-18 00:00:00+00:00,00:00,A,Eastern_England,32.97
2022-03-19 00:00:00+00:00,00:00,A,Eastern_England,31.46
2022-03-20 00:00:00+00:00,00:00,A,Eastern_England,30.46
2022-03-21 00:00:00+00:00,00:00,A,Eastern_England,32.04
2022-03-22 00:00:00+00:00,00:00,A,Eastern_England,32.47
2022-03-23 00:00:00+00:00,00:00,A,Eastern_England,32.66
2022-03-24 00:00:00+00:00,00:00,A,Eastern_England,34.22
2022-03-25 00:00:00+00:00,00:00,A,Eastern_England,36.68
2022-03-26 00:00:00+00:00,00:00,A,Eastern_England,32.88
2022-03-27 00:00:00+00:00,00:00,A,Eastern_England,32.66
2022-03-28 00:00:00+00:00,00:00,A,Eastern_England,33.54
2022-03-29 00:00:00+00:00,00:00,A,Eastern_England,34.41
2022-03-30 00:00:00+00:00,00:00,A,Eastern_England,37.08
2022-03-31 00:00:00+00:00,00:00,A,Eastern_England,38.02
2022-04-01 00:00:00+00:00,00:00,A,Eastern_England,38.84
2022-04-02 00:00:00+00:00,00:00,A,Eastern_England,40.15
2022-04-03 00:00:00+00:00,00:00,A,Eastern_England,36.19
2022-04-04 00:00:00+00:00,00:00,A,Eastern_England,31.31
2022-04-05 00:00:00+00:00,00:00,A,Eastern_England,33.68
2022-04-06 00:00:00+00:00,00:00,A,Eastern_England,30.16
2022-04-07 00:00:00+00:00,00:00,A,Eastern_England,30.44
2022-04-08 00:00:00+00:00,00:00,A,Eastern_England,33.12
2022-04-09 00:00:00+00:00,00:00,A,Eastern_England,32.94
2022-04-10 00:00:00+00:00,00:00,A,Eastern_England,33.37
2022-04-11 00:00:00+00:00,00:00,A,Eastern_England,32.72
2022-04-12 00:00:00+00:00,00:00,A,Eastern_England,32.14
2022-04-13 00:00:00+00:00,00:00,A,Eastern_England,31.47
2022-04-14 00:00:00+00:00,00:00,A,Eastern_England,31.27
2022-04-15 00:00:00+00:00,00:00,A,Eastern_England,27.82
2022-04-16 00:00:00+00:00,00:00,A,Eastern_England,23.6
2022-04-17 00:00:00+00:00,00:00,A,Eastern_England,20.96
2022-04-18 00:00:00+00:00,00:00,A,Eastern_England,21.7
2022-04-19 00:00:00+00:00,00:00,A,Eastern_England,27.3
2022-04-20 00:00:00+00:00,00:00,A,Eastern_England,27.98
2022-04-21 00:00:00+00:00,00:00,A,Eastern_England,26.92
2022-04-22 00:00:00+00:00,00:00,A,Eastern_England,25.59
2022-04-23 00:00:00+00:00,00:00,A,Eastern_England,23.39
2022-04-24 00:00:00+00:00,00:00,A,Eastern_England,25.15
2022-04-25 00:00:00+00:00,00:00,A,Eastern_England,29.37
2022-04-26 00:00:00+00:00,00:00,A,Eastern_England,29.1
2022-04-27 00:00:00+00:00,00:00,A,Eastern_England,30.11
2022-04-28 00:00:00+00:00,00:00,A,Eastern_England,30.86
2022-04-29 00:00:00+00:00,00:00,A,Eastern_England,30.49
2022-04-30 00:00:00+00:00,00:00,A,Eastern_England,25.5
2022-05-01 00:00:00+00:00,00:00,A,Eastern_England,23.68
2022-05-02 00:00:00+00:00,00:00,A,Eastern_England,26.53
2022-05-03 00:00:00+00:00,00:00,A,Eastern_England,29.0
2022-05-04 00:00:00+00:00,00:00,A,Eastern_England,28.47
2022-05-05 00:00:00+00:00,00:00,A,Eastern_England,27.95
2022-05-06 00:00:00+00:00,00:00,A,Eastern_England,25.24
2022-05-07 00:00:00+00:00,00:00,A,Eastern_England,24.46
2022-05-08 00:00:00+00:00,00:00,A,Eastern_England,24.82
2022-05-09 00:00:00+00:00,00:00,A,Eastern_England,21.16
2022-05-10 00:00:00+00:00,00:00,A,Eastern_England,18.21
2022-05-11 00:00:00+00:00,00:00,A,Eastern_England,15.45
2022-05-12 00:00:00+00:00,00:00,A,Eastern_England,17.15
2022-05-13 00:00:00+00:00,00:00,A,Eastern_England,17.89
2022-05-14 00:00:00+00:00,00:00,A,Eastern_England,20.48
2022-05-15 00:00:00+00:00,00:00,A,Eastern_England,20.09
2022-05-16 00:00:00+00:00,00:00,A,Eastern_England,21.86
2022-05-17 00:00:00+00:00,00:00,A,Eastern_England,22.66
2022-05-18 00:00:00+00:00,00:00,A,Eastern_England,22.81
2022-05-19 00:00:00+00:00,00:00,A,Eastern_England,22.6
2022-05-20 00:00:00+00:00,00:00,A,Eastern_England,22.48
2022-05-21 00:00:00+00:00,00:00,A,Eastern_England,20.54
2022-05-22 00:00:00+00:00,00:00,A,Eastern_England,22.0
2022-05-23 00:00:00+00:00,00:00,A,Eastern_England,27.45
2022-05-24 00:00:00+00:00,00:00,A,Eastern_England,24.55
2022-05-25 00:00:00+00:00,00:00,A,Eastern_England,22.8
2022-05-26 00:00:00+00:00,00:00,A,Eastern_England,21.98
2022-05-27 00:00:00+00:00,00:00,A,Eastern_England,20.22
2022-05-28 00:00:00+00:00,00:00,A,Eastern_England,22.22
2022-05-29 00:00:00+00:00,00:00,A,Eastern_England,26.01
2022-05-30 00:00:00+00:00,00:00,A,Eastern_England,30.23
2022-05-31 00:00:00+00:00,00:00,A,Eastern_England,29.21
2022-06-01 00:00:00+00:00,00:00,A,Eastern_England,28.71
2022-06-02 00:00:00+00:00,00:00,A,Eastern_England,26.23
2022-06-03 00:00:00+00:00,00:00,A,Eastern_England,22.56
2022-06-04 00:00:00+00:00,00:00,A,Eastern_England,23.76
2022-06-05 00:00:00+00:00,00:00,A,Eastern_England,23.32
2022-06-06 00:00:00+00:00,00:00,A,Eastern_England,24.6
2022-06-07 00:00:00+00:00,00:00,A,Eastern_England,27.39
2022-06-08 00:00:00+00:00,00:00,A,Eastern_England,24.23
2022-06-09 00:00:00+00:00,00:00,A,Eastern_England,22.38
2022-06-10 00:00:00+00:00,00:00,A,Eastern_England,20.76
2022-06-11 00:00:00+00:00,00:00,A,Eastern_England,13.41
2022-06-12 00:00:00+00:00,00:00,A,Eastern_England,21.07
2022-06-13 00:00:00+00:00,00:00,A,Eastern_England,25.68
2022-06-14 00:00:00+00:00,00:00,A,Eastern_England,27.48
2022-06-15 00:00:00+00:00,00:00,A,Eastern_England,28.77
2022-06-16 00:00:00+00:00,00:00,A,Eastern_England,30.25
2022-06-17 00:00:00+00:00,00:00,A,Eastern_England,32.8
2022-06-18 00:00:00+00:00,00:00,A,Eastern_England,26.2
2022-06-19 00:00:00+00:00,00:00,A,Eastern_England,26.55
2022-06-20 00:00:00+00:00,00:00,A,Eastern_England,30.55
2022-06-21 00:00:00+00:00,00:00,A,Eastern_England,35.57
2022-06-22 00:00:00+00:00,00:00,A,Eastern_England,33.95
2022-06-23 00:00:00+00:00,00:00,A,Eastern_England,36.34
2022-06-24 00:00:00+00:00,00:00,A,Eastern_England,30.6
2022-06-25 00:00:00+00:00,00:00,A,Eastern_England,26.87
2022-06-26 00:00:00+00:00,00:00,A,Eastern_England,24.9
2022-06-27 00:00:00+00:00,00:00,A,Eastern_England,30.2
2022-06-28 00:00:00+00:00,00:00,A,Eastern_England,26.42
2022-06-29 00:00:00+00:00,00:00,A,Eastern_England,34.89
2022-06-30 00:00:00+00:00,00:00,A,Eastern_England,41.97
2022-07-01 00:00:00+00:00,00:00,A,Eastern_England,34.98
2022-07-02 00:00:00+00:00,00:00,A,Eastern_England,27.89
2022-07-03 00:00:00+00:00,00:00,A,Eastern_England,29.28
2022-07-04 00:00:00+00:00,00:00,A,Eastern_England,28.97
2022-07-05 00:00:00+00:00,00:00,A,Eastern_England,35.24
2022-07-06 00:00:00+00:00,00:00,A,Eastern_England,36.08
2022-07-07 00:00:00+00:00,00:00,A,Eastern_England,31.82
2022-07-08 00:00:00+00:00,00:00,A,Eastern_England,36.32
2022-07-09 00:00:00+00:00,00:00,A,Eastern_England,32.46
2022-07-10 00:00:00+00:00,00:00,A,Eastern_England,31.25
2022-07-11 00:00:00+00:00,00:00,A,Eastern_England,41.69
2022-07-12 00:00:00+00:00,00:00,A,Eastern_England,36.89
2022-07-13 00:00:00+00:00,00:00,A,Eastern_England,40.89
2022-07-14 00:00:00+00:00,00:00,A,Eastern_England,45.94
2022-07-15 00:00:00+00:00,00:00,A,Eastern_England,39.78
2022-07-16 00:00:00+00:00,00:00,A,Eastern_England,32.78
2022-07-17 00:00:00+00:00,00:00,A,Eastern_England,30.45
2022-07-18 00:00:00+00:00,00:00,A,Eastern_England,49.52
2022-07-19 00:00:00+00:00,00:00,A,Eastern_England,37.87
2022-07-20 00:00:00+00:00,00:00,A,Eastern_England,39.39
2022-07-21 00:00:00+00:00,00:00,A,Eastern_England,42.52
2022-07-22 00:00:00+00:00,00:00,A,Eastern_England,43.72
2022-07-23 00:00:00+00:00,00:00,A,Eastern_England,38.86
2022-07-24 00:00:00+00:00,00:00,A,Eastern_England,35.57
2022-07-25 00:00:00+00:00,00:00,A,Eastern_England,36.52
2022-07-26 00:00:00+00:00,00:00,A,Eastern_England,39.99
2022-07-27 00:00:00+00:00,00:00,A,Eastern_England,46.79
2022-07-28 00:00:00+00:00,00:00,A,Eastern_England,48.75
2022-07-29 00:00:00+00:00,00:00,A,Eastern_England,47.3
2022-07-30 00:00:00+00:00,00:00,A,Eastern_England,41.75
2022-07-31 00:00:00+00:00,00:00,A,Eastern_England,40.14
2022-08-01 00:00:00+00:00,00:00,A,Eastern_England,45.19
2022-08-02 00:00:00+00:00,00:00,A,Eastern_England,36.76
2022-08-03 00:00:00+00:00,00:00,A,Eastern_England,38.49
2022-08-04 00:00:00+00:00,00:00,A,Eastern_England,40.51
2022-08-05 00:00:00+00:00,00:00,A,Eastern_England,42.54
2022-08-06 00:00:00+00:00,00:00,A,Eastern_England,39.64
2022-08-07 00:00:00+00:00,00:00,A,Eastern_England,36.47
2022-08-08 00:00:00+00:00,00:00,A,Eastern_England,42.72
2022-08-09 00:00:00+00:00,00:00,A,Eastern_England,43.64
2022-08-10 00:00:00+00:00,00:00,A,Eastern_England,41.98
2022-08-11 00:00:00+00:00,00:00,A,Eastern_England,43.83
2022-08-12 00:00:00+00:00,00:00,A,Eastern_England,49.91
2022-08-13 00:00:00+00:00,00:00,A,Eastern_England,46.75
2022-08-14 00:00:00+00:00,00:00,A,Eastern_England,46.26
2022-08-15 00:00:00+00:00,00:00,A,Eastern_England,51.45
2022-08-16 00:00:00+00:00,00:00,A,Eastern_England,54.52
2022-08-17 00:00:00+00:00,00:00,A,Eastern_England,59.05
2022-08-18 00:00:00+00:00,00:00,A,Eastern_England,58.6
2022-08-19 00:00:00+00:00,00:00,A,Eastern_England,55.92
2022-08-20 00:00:00+00:00,00:00,A,Eastern_England,48.16
2022-08-21 00:00:00+00:00,00:00,A,Eastern_England,51.2
2022-08-22 00:00:00+00:00,00:00,A,Eastern_England,70.57
2022-08-23 00:00:00+00:00,00:00,A,Eastern_England,75.57
2022-08-24 00:00:00+00:00,00:00,A,Eastern_England,73.9
2022-08-25 00:00:00+00:00,00:00,A,Eastern_England,71.17
2022-08-26 00:00:00+00:00,00:00,A,Eastern_England,79.55
2022-08-27 00:00:00+00:00,00:00,A,Eastern_England,67.15
2022-08-28 00:00:00+00:00,00:00,A,Eastern_England,63.71
2022-08-29 00:00:00+00:00,00:00,A,Eastern_England,71.85
2022-08-30 00:00:00+00:00,00:00,A,Eastern_England,73.27
2022-08-31 00:00:00+00:00,00:00,A,Eastern_England,60.04
2022-09-01 00:00:00+00:00,00:00,A,Eastern_England,58.26
2022-09-02 00:00:00+00:00,00:00,A,Eastern_England,47.71
2022-09-03 00:00:00+00:00,00:00,A,Eastern_England,40.17
2022-09-04 00:00:00+00:00,00:00,A,Eastern_England,37.42
2022-09-05 00:00:00+00:00,00:00,A,Eastern_England,43.11
2022-09-06 00:00:00+00:00,00:00,A,Eastern_England,48.41
2022-09-07 00:00:00+00:00,00:00,A,Eastern_England,43.48
2022-09-08 00:00:00+00:00,00:00,A,Eastern_England,41.2
2022-09-09 00:00:00+00:00,00:00,A,Eastern_England,43.19
2022-09-10 00:00:00+00:00,00:00,A,Eastern_England,47.07
2022-09-11 00:00:00+00:00,00:00,A,Eastern_England,48.35
2022-09-12 00:00:00+00:00,00:00,A,Eastern_England,49.03
2022-09-13 00:00:00+00:00,00:00,A,Eastern_England,51.51
2022-09-14 00:00:00+00:00,00:00,A,Eastern_England,50.0
2022-09-15 00:00:00+00:00,00:00,A,Eastern_England,46.68
2022-09-16 00:00:00+00:00,00:00,A,Eastern_England,43.91
2022-09-17 00:00:00+00:00,00:00,A,Eastern_England,34.09
2022-09-18 00:00:00+00:00,00:00,A,Eastern_England,33.21
2022-09-19 00:00:00+00:00,00:00,A,Eastern_England,37.32
2022-09-20 00:00:00+00:00,00:00,A,Eastern_England,48.2
2022-09-21 00:00:00+00:00,00:00,A,Eastern_England,37.3
2022-09-22 00:00:00+00:00,00:00,A,Eastern_England,38.42
2022-09-23 00:00:00+00:00,00:00,A,Eastern_England,39.92
2022-09-24 00:00:00+00:00,00:00,A,Eastern_England,37.64
2022-09-25 00:00:00+00:00,00:00,A,Eastern_England,32.67
2022-09-26 00:00:00+00:00,00:00,A,Eastern_England,29.84
2022-09-27 00:00:00+00:00,00:00,A,Eastern_England,31.42
2022-09-28 00:00:00+00:00,00:00,A,Eastern_England,34.51
2022-09-29 00:00:00+00:00,00:00,A,Eastern_England,44.25
2022-09-30 00:00:00+00:00,00:00,A,Eastern_England,30.9
2022-10-01 00:00:00+00:00,00:00,A,Eastern_England,20.28
2022-10-02 00:00:00+00:00,00:00,A,Eastern_England,28.94
2022-10-03 00:00:00+00:00,00:00,A,Eastern_England,34.42
2022-10-04 00:00:00+00:00,00:00,A,Eastern_England,28.34
2022-10-05 00:00:00+00:00,00:00,A,Eastern_England,22.24
2022-10-06 00:00:00+00:00,00:00,A,Eastern_England,17.18
2022-10-07 00:00:00+00:00,00:00,A,Eastern_England,21.04
2022-10-08 00:00:00+00:00,00:00,A,Eastern_England,26.76
2022-10-09 00:00:00+00:00,00:00,A,Eastern_England,22.56
2022-10-10 00:00:00+00:00,00:00,A,Eastern_England,25.53
2022-10-11 00:00:00+00:00,00:00,A,Eastern_England,31.11
2022-10-12 00:00:00+00:00,00:00,A,Eastern_England,28.73
2022-10-13 00:00:00+00:00,00:00,A,Eastern_England,33.39
2022-10-14 00:00:00+00:00,00:00,A,Eastern_England,30.64
2022-10-15 00:00:00+00:00,00:00,A,Eastern_England,23.13
2022-10-16 00:00:00+00:00,00:00,A,Eastern_England,20.59
2022-10-17 00:00:00+00:00,00:00,A,Eastern_England,21.62
2022-10-18 00:00:00+00:00,00:00,A,Eastern_England,25.69
2022-10-19 00:00:00+00:00,00:00,A,Eastern_England,15.32
2022-10-20 00:00:00+00:00,00:00,A,Eastern_England,19.53
2022-10-21 00:00:00+00:00,00:00,A,Eastern_England,19.94
2022-10-22 00:00:00+00:00,00:00,A,Eastern_England,20.98
2022-10-23 00:00:00+00:00,00:00,A,Eastern_England,18.16
2022-10-24 00:00:00+00:00,00:00,A,Eastern_England,15.77
2022-10-25 00:00:00+00:00,00:00,A,Eastern_England,17.65
2022-10-26 00:00:00+00:00,00:00,A,Eastern_England,16.1
2022-10-27 00:00:00+00:00,00:00,A,Eastern_England,17.51
2022-10-28 00:00:00+00:00,00:00,A,Eastern_England,17.28
2022-10-29 00:00:00+00:00,00:00,A,Eastern_England,18.61
2022-10-30 00:00:00+00:00,00:00,A,Eastern_England,18.41
2022-10-31 00:00:00+00:00,00:00,A,Eastern_England,21.16
2022-11-01 00:00:00+00:00,00:00,A,Eastern_England,18.47
2022-11-02 00:00:00+00:00,00:00,A,Eastern_England,16.26
2022-11-03 00:00:00+00:00,00:00,A,Eastern_England,19.65
2022-11-04 00:00:00+00:00,00:00,A,Eastern_England,27.82
2022-11-05 00:00:00+00:00,00:00,A,Eastern_England,21.87
2022-11-06 00:00:00+00:00,00:00,A,Eastern_England,20.46
2022-11-07 00:00:00+00:00,00:00,A,Eastern_England,19.08
2022-11-08 00:00:00+00:00,00:00,A,Eastern_England,17.85
2022-11-09 00:00:00+00:00,00:00,A,Eastern_England,21.48
2022-11-10 00:00:00+00:00,00:00,A,Eastern_England,18.16
2022-11-11 00:00:00+00:00,00:00,A,Eastern_England,16.68
2022-11-12 00:00:00+00:00,00:00,A,Eastern_England,21.2
2022-11-13 00:00:00+00:00,00:00,A,Eastern_England,20.75
2022-11-14 00:00:00+00:00,00:00,A,Eastern_England,25.95
2022-11-15 00:00:00+00:00,00:00,A,Eastern_England,21.0
2022-11-16 00:00:00+00:00,00:00,A,Eastern_England,23.54
2022-11-17 00:00:00+00:00,00:00,A,Eastern_England,22.25
2022-11-18 00:00:00+00:00,00:00,A,Eastern_England,21.44
2022-11-19 00:00:00+00:00,00:00,A,Eastern_England,24.35
2022-11-20 00:00:00+00:00,00:00,A,Eastern_England,22.3
2022-11-21 00:00:00+00:00,00:00,A,Eastern_England,25.22
2022-11-22 00:00:00+00:00,00:00,A,Eastern_England,29.81
2022-11-23 00:00:00+00:00,00:00,A,Eastern_England,23.33
2022-11-24 00:00:00+00:00,00:00,A,Eastern_England,22.91
2022-11-25 00:00:00+00:00,00:00,A,Eastern_England,25.79
2022-11-26 00:00:00+00:00,00:00,A,Eastern_England,26.08
2022-11-27 00:00:00+00:00,00:00,A,Eastern_England,24.64
2022-11-28 00:00:00+00:00,00:00,A,Eastern_England,47.43
2022-11-29 00:00:00+00:00,00:00,A,Eastern_England,51.52
2022-11-30 00:00:00+00:00,00:00,A,Eastern_England,49.19
2022-12-01 00:00:00+00:00,00:00,A,Eastern_England,51.05
2022-12-02 00:00:00+00:00,00:00,A,Eastern_England,48.49
2022-12-03 00:00:00+00:00,00:00,A,Eastern_England,40.44
2022-12-04 00:00:00+00:00,00:00,A,Eastern_England,40.45
2022-12-05 00:00:00+00:00,00:00,A,Eastern_England,44.45
2022-12-06 00:00:00+00:00,00:00,A,Eastern_England,47.34
2022-12-07 00:00:00+00:00,00:00,A,Eastern_England,46.43
2022-12-08 00:00:00+00:00,00:00,A,Eastern_England,53.43
2022-12-09 00:00:00+00:00,00:00,A,Eastern_England,55.2
2022-12-10 00:00:00+00:00,00:00,A,Eastern_England,47.15
2022-12-11 00:00:00+00:00,00:00,A,Eastern_England,48.43
2022-12-12 00:00:00+00:00,00:00,A,Eastern_England,79.48
2022-12-13 00:00:00+00:00,00:00,A,Eastern_England,56.38
2022-12-14 00:00:00+00:00,00:00,A,Eastern_England,53.05
2022-12-15 00:00:00+00:00,00:00,A,Eastern_England,52.01
2022-12-16 00:00:00+00:00,00:00,A,Eastern_England,53.68
2022-12-17 00:00:00+00:00,00:00,A,Eastern_England,39.46
2022-12-18 00:00:00+00:00,00:00,A,Eastern_England,34.99
2022-12-19 00:00:00+00:00,00:00,A,Eastern_England,27.72
2022-12-20 00:00:00+00:00,00:00,A,Eastern_England,31.18
2022-12-21 00:00:00+00:00,00:00,A,Eastern_England,29.89
2022-12-22 00:00:00+00:00,00:00,A,Eastern_England,33.63
2022-12-23 00:00:00+00:00,00:00,A,Eastern_England,29.3
2022-12-24 00:00:00+00:00,00:00,A,Eastern_England,21.23
2022-12-25 00:00:00+00:00,00:00,A,Eastern_England,21.33
2022-12-26 00:00:00+00:00,00:00,A,Eastern_England,17.01
2022-12-27 00:00:00+00:00,00:00,A,Eastern_England,24.3
2022-12-28 00:00:00+00:00,00:00,A,Eastern_England,20.79
2022-12-29 00:00:00+00:00,00:00,A,Eastern_England,13.34
2022-12-30 00:00:00+00:00,00:00,A,Eastern_England,17.78
2022-12-31 00:00:00+00:00,00:00,A,Eastern_England,23.96
2023-01-01 00:00:00+00:00,00:00,A,Eastern_England,19.27
2023-01-02 00:00:00+00:00,00:00,A,Eastern_England,28.11
2023-01-03 00:00:00+00:00,00:00,A,Eastern_England,25.44
2023-01-04 00:00:00+00:00,00:00,A,Eastern_England,20.99
2023-01-05 00:00:00+00:00,00:00,A,Eastern_England,23.6
2023-01-06 00:00:00+00:00,00:00,A,Eastern_England,21.09
2023-01-07 00:00:00+00:00,00:00,A,Eastern_England,20.73
2023-01-08 00:00:00+00:00,00:00,A,Eastern_England,17.34
2023-01-09 00:00:00+00:00,00:00,A,Eastern_England,22.7
2023-01-10 00:00:00+00:00,00:00,A,Eastern_England,22.93
2023-01-11 00:00:00+00:00,00:00,A,Eastern_England,19.92
2023-01-12 00:00:00+00:00,00:00,A,Eastern_England,19.99
2023-01-13 00:00:00+00:00,00:00,A,Eastern_England,20.05
2023-01-14 00:00:00+00:00,00:00,A,Eastern_England,19.37
2023-01-15 00:00:00+00:00,00:00,A,Eastern_England,19.52
2023-01-16 00:00:00+00:00,00:00,A,Eastern_England,26.63
2023-01-17 00:00:00+00:00,00:00,A,Eastern_England,27.24
2023-01-18 00:00:00+00:00,00:00,A,Eastern_England,24.85
2023-01-19 00:00:00+00:00,00:00,A,Eastern_England,27.0
2023-01-20 00:00:00+00:00,00:00,A,Eastern_England,27.99
2023-01-21 00:00:00+00:00,00:00,A,Eastern_England,25.75
2023-01-22 00:00:00+00:00,00:00,A,Eastern_England,27.97
2023-01-23 00:00:00+00:00,00:00,A,Eastern_England,31.16
2023-01-24 00:00:00+00:00,00:00,A,Eastern_England,29.95
2023-01-25 00:00:00+00:00,00:00,A,Eastern_England,27.41
2023-01-26 00:00:00+00:00,00:00,A,Eastern_England,25.98
2023-01-27 00:00:00+00:00,00:00,A,Eastern_England,27.42
2023-01-28 00:00:00+00:00,00:00,A,Eastern_England,25.02
2023-01-29 00:00:00+00:00,00:00,A,Eastern_England,25.0
2023-01-30 00:00:00+00:00,00:00,A,Eastern_England,23.51
2023-01-31 00:00:00+00:00,00:00,A,Eastern_England,24.03
2023-02-01 00:00:00+00:00,00:00,A,Eastern_England,23.04
2023-02-02 00:00:00+00:00,00:00,A,Eastern_England,23.82
2023-02-03 00:00:00+00:00,00:00,A,Eastern_England,23.59
2023-02-04 00:00:00+00:00,00:00,A,Eastern_England,24.98
2023-02-05 00:00:00+00:00,00:00,A,Eastern_England,25.12
2023-02-06 00:00:00+00:00,00:00,A,Eastern_England,27.25
2023-02-07 00:00:00+00:00,00:00,A,Eastern_England,29.09
2023-02-08 00:00:00+00:00,00:00,A,Eastern_England,25.85
2023-02-09 00:00:00+00:00,00:00,A,Eastern_England,25.81
2023-02-10 00:00:00+00:00,00:00,A,Eastern_England,25.21
2023-02-11 00:00:00+00:00,00:00,A,Eastern_England,25.19
2023-02-12 00:00:00+00:00,00:00,A,Eastern_England,24.94
2023-02-13 00:00:00+00:00,00:00,A,Eastern_England,25.75
2023-02-14 00:00:00+00:00,00:00,A,Eastern_England,25.23
2023-02-15 00:00:00+00:00,00:00,A,Eastern_England,24.39
2023-02-16 00:00:00+00:00,00:00,A,Eastern_England,25.29
2023-02-17 00:00:00+00:00,00:00,A,Eastern_England,22.39
2023-02-18 00:00:00+00:00,00:00,A,Eastern_England,22.0
2023-02-19 00:00:00+00:00,00:00,A,Eastern_England,22.8
2023-02-20 00:00:00+00:00,00:00,A,Eastern_England,21.49
2023-02-21 00:00:00+00:00,00:00,A,Eastern_England,24.38
2023-02-22 00:00:00+00:00,00:00,A,Eastern_England,24.52
2023-02-23 00:00:00+00:00,00:00,A,Eastern_England,24.33
2023-02-24 00:00:00+00:00,00:00,A,Eastern_England,23.81
2023-02-25 00:00:00+00:00,00:00,A,Eastern_England,24.17
2023-02-26 00:00:00+00:00,00:00,A,Eastern_England,23.96
2023-02-27 00:00:00+00:00,00:00,A,Eastern_England,25.22
2023-02-28 00:00:00+00:00,00:00,A,Eastern_England,25.03
2023-03-01 00:00:00+00:00,00:00,A,Eastern_England,24.34
2023-03-02 00:00:00+00:00,00:00,A,Eastern_England,24.82
2023-03-03 00:00:00+00:00,00:00,A,Eastern_England,25.25
2023-03-04 00:00:00+00:00,00:00,A,Eastern_England,23.78
2023-03-05 00:00:00+00:00,00:00,A,Eastern_England,24.2
2023-03-06 00:00:00+00:00,00:00,A,Eastern_England,24.77
2023-03-07 00:00:00+00:00,00:00,A,Eastern_England,24.64
2023-03-08 00:00:00+00:00,00:00,A,Eastern_England,24.16
2023-03-09 00:00:00+00:00,00:00,A,Eastern_England,23.3
2023-03-10 00:00:00+00:00,00:00,A,Eastern_England,22.17
2023-03-11 00:00:00+00:00,00:00,A,Eastern_England,23.7
2023-03-12 00:00:00+00:00,00:00,A,Eastern_England,21.77
2023-03-13 00:00:00+00:00,00:00,A,Eastern_England,19.77
2023-03-14 00:00:00+00:00,00:00,A,Eastern_England,22.09
2023-03-15 00:00:00+00:00,00:00,A,Eastern_England,24.77
2023-03-16 00:00:00+00:00,00:00,A,Eastern_England,22.29
2023-03-17 00:00:00+00:00,00:00,A,Eastern_England,21.89
2023-03-18 00:00:00+00:00,00:00,A,Eastern_England,22.01
2023-03-19 00:00:00+00:00,00:00,A,Eastern_England,21.87
2023-03-20 00:00:00+00:00,00:00,A,Eastern_England,21.28
2023-03-21 00:00:00+00:00,00:00,A,Eastern_England,20.25
2023-03-22 00:00:00+00:00,00:00,A,Eastern_England,17.46
2023-03-23 00:00:00+00:00,00:00,A,Eastern_England,18.53
2023-03-24 00:00:00+00:00,00:00,A,Eastern_England,18.66
2023-03-25 00:00:00+00:00,00:00,A,Eastern_England,18.3
2023-03-26 00:00:00+00:00,00:00,A,Eastern_England,20.87
2023-03-27 00:00:00+00:00,00:00,A,Eastern_England,21.61
2023-03-28 00:00:00+00:00,00:00,A,Eastern_England,21.69
2023-03-29 00:00:00+00:00,00:00,A,Eastern_England,20.99
2023-03-30 00:00:00+00:00,00:00,A,Eastern_England,20.73
2023-03-31 00:00:00+00:00,00:00,A,Eastern_England,21.33
2023-04-01 00:00:00+00:00,00:00,A,Eastern_England,20.36
2023-04-02 00:00:00+00:00,00:00,A,Eastern_England,21.43
2023-04-03 00:00:00+00:00,00:00,A,Eastern_England,21.77
2023-04-04 00:00:00+00:00,00:00,A,Eastern_England,22.79
2023-04-05 00:00:00+00:00,00:00,A,Eastern_England,23.25
2023-04-06 00:00:00+00:00,00:00,A,Eastern_England,22.04
2023-04-07 00:00:00+00:00,00:00,A,Eastern_England,21.18
2023-04-08 00:00:00+00:00,00:00,A,Eastern_England,21.18
2023-04-09 00:00:00+00:00,00:00,A,Eastern_England,19.37
2023-04-10 00:00:00+00:00,00:00,A,Eastern_England,16.29
2023-04-11 00:00:00+00:00,00:00,A,Eastern_England,17.81
2023-04-12 00:00:00+00:00,00:00,A,Eastern_England,18.95
2023-04-13 00:00:00+00:00,00:00,A,Eastern_England,20.16
2023-04-14 00:00:00+00:00,00:00,A,Eastern_England,22.28
2023-04-15 00:00:00+00:00,00:00,A,Eastern_England,20.1
2023-04-16 00:00:00+00:00,00:00,A,Eastern_England,20.15
2023-04-17 00:00:00+00:00,00:00,A,Eastern_England,21.26
2023-04-18 00:00:00+00:00,00:00,A,Eastern_England,20.32
2023-04-19 00:00:00+00:00,00:00,A,Eastern_England,19.97
2023-04-20 00:00:00+00:00,00:00,A,Eastern_England,20.53
2023-04-21 00:00:00+00:00,00:00,A,Eastern_England,20.2
2023-04-22 00:00:00+00:00,00:00,A,Eastern_England,19.91
2023-04-23 00:00:00+00:00,00:00,A,Eastern_England,20.52
2023-04-24 00:00:00+00:00,00:00,A,Eastern_England,19.51
2023-04-25 00:00:00+00:00,00:00,A,Eastern_England,20.49
2023-04-26 00:00:00+00:00,00:00,A,Eastern_England,21.88
2023-04-27 00:00:00+00:00,00:00,A,Eastern_England,19.77
2023-04-28 00:00:00+00:00,00:00,A,Eastern_England,19.33
2023-04-29 00:00:00+00:00,00:00,A,Eastern_England,19.66
2023-04-30 00:00:00+00:00,00:00,A,Eastern_England,18.98
2023-05-01 00:00:00+00:00,00:00,A,Eastern_England,18.46
2023-05-02 00:00:00+00:00,00:00,A,Eastern_England,19.88
2023-05-03 00:00:00+00:00,00:00,A,Eastern_England,19.16
2023-05-04 00:00:00+00:00,00:00,A,Eastern_England,18.0
2023-05-05 00:00:00+00:00,00:00,A,Eastern_England,18.47
2023-05-06 00:00:00+00:00,00:00,A,Eastern_England,18.5
2023-05-07 00:00:00+00:00,00:00,A,Eastern_England,18.38
2023-05-08 00:00:00+00:00,00:00,A,Eastern_England,18.71
2023-05-09 00:00:00+00:00,00:00,A,Eastern_England,19.28
2023-05-10 00:00:00+00:00,00:00,A,Eastern_England,19.14
2023-05-11 00:00:00+00:00,00:00,A,Eastern_England,19.86
2023-05-12 00:00:00+00:00,00:00,A,Eastern_England,18.4
2023-05-13 00:00:00+00:00,00:00,A,Eastern_England,18.08
2023-05-14 00:00:00+00:00,00:00,A,Eastern_England,17.82
2023-05-15 00:00:00+00:00,00:00,A,Eastern_England,17.86
2023-05-16 00:00:00+00:00,00:00,A,Eastern_England,18.05
2023-05-17 00:00:00+00:00,00:00,A,Eastern_England,17.95
2023-05-18 00:00:00+00:00,00:00,A,Eastern_England,17.7
2023-05-19 00:00:00+00:00,00:00,A,Eastern_England,17.92
2023-05-20 00:00:00+00:00,00:00,A,Eastern_England,17.05
2023-05-21 00:00:00+00:00,00:00,A,Eastern_England,16.98
2023-05-22 00:00:00+00:00,00:00,A,Eastern_England,16.98
2023-05-23 00:00:00+00:00,00:00,A,Eastern_England,16.84
2023-05-24 00:00:00+00:00,00:00,A,Eastern_England,16.92
2023-05-25 00:00:00+00:00,00:00,A,Eastern_England,16.82
2023-05-26 00:00:00+00:00,00:00,A,Eastern_England,16.63
2023-05-27 00:00:00+00:00,00:00,A,Eastern_England,15.1
2023-05-28 00:00:00+00:00,00:00,A,Eastern_England,15.66
2023-05-29 00:00:00+00:00,00:00,A,Eastern_England,15.92
2023-05-30 00:00:00+00:00,00:00,A,Eastern_England,16.4
2023-05-31 00:00:00+00:00,00:00,A,Eastern_England,16.11
2023-06-01 00:00:00+00:00,00:00,A,Eastern_England,16.13
2023-06-02 00:00:00+00:00,00:00,A,Eastern_England,16.38
2023-06-03 00:00:00+00:00,00:00,A,Eastern_England,15.39
2023-06-04 00:00:00+00:00,00:00,A,Eastern_England,15.16
2023-06-05 00:00:00+00:00,00:00,A,Eastern_England,16.63
2023-06-06 00:00:00+00:00,00:00,A,Eastern_England,16.88
2023-06-07 00:00:00+00:00,00:00,A,Eastern_England,17.24
2023-06-08 00:00:00+00:00,00:00,A,Eastern_England,16.19
2023-06-09 00:00:00+00:00,00:00,A,Eastern_England,16.55
2023-06-10 00:00:00+00:00,00:00,A,Eastern_England,15.25
2023-06-11 00:00:00+00:00,00:00,A,Eastern_England,17.44
2023-06-12 00:00:00+00:00,00:00,A,Eastern_England,19.21
2023-06-13 00:00:00+00:00,00:00,A,Eastern_England,18.24
2023-06-14 00:00:00+00:00,00:00,A,Eastern_England,18.21
2023-06-15 00:00:00+00:00,00:00,A,Eastern_England,19.74
2023-06-16 00:00:00+00:00,00:00,A,Eastern_England,21.09
2023-06-17 00:00:00+00:00,00:00,A,Eastern_England,19.38
2023-06-18 00:00:00+00:00,00:00,A,Eastern_England,18.66
2023-06-19 00:00:00+00:00,00:00,A,Eastern_England,19.86
2023-06-20 00:00:00+00:00,00:00,A,Eastern_England,20.5
2023-06-21 00:00:00+00:00,00:00,A,Eastern_England,20.76
2023-06-22 00:00:00+00:00,00:00,A,Eastern_England,21.14
2023-06-23 00:00:00+00:00,00:00,A,Eastern_England,19.48
2023-06-24 00:00:00+00:00,00:00,A,Eastern_England,18.02
2023-06-25 00:00:00+00:00,00:00,A,Eastern_England,15.1
2023-06-25 23:00:00+00:00,00:00,A,Eastern_England,18.039
2023-06-26 00:00:00+00:00,00:00,A,Eastern_England,18.04
2023-06-26 23:00:00+00:00,00:00,A,Eastern_England,18.921
2023-06-27 00:00:00+00:00,00:00,A,Eastern_England,18.93
2023-06-27 23:00:00+00:00,00:00,A,Eastern_England,19.677
2023-06-28 00:00:00+00:00,00:00,A,Eastern_England,19.69
2023-06-28 23:00:00+00:00,00:00,A,Eastern_England,19.53
2023-06-29 00:00:00+00:00,00:00,A,Eastern_England,19.54
2023-06-29 23:00:00+00:00,00:00,A,Eastern_England,18.3015
2023-06-30 00:00:00+00:00,00:00,A,Eastern_England,18.31
2023-06-30 23:00:00+00:00,00:00,A,Eastern_England,13.2195
2023-07-01 00:00:00+00:00,00:00,A,Eastern_England,13.23
2023-07-01 23:00:00+00:00,00:00,A,Eastern_England,8.505
2023-07-02 00:00:00+00:00,00:00,A,Eastern_England,8.51
2023-07-02 23:00:00+00:00,00:00,A,Eastern_England,15.9915
2023-07-03 00:00:00+00:00,00:00,A,Eastern_England,16.0
2023-07-03 23:00:00+00:00,00:00,A,Eastern_England,18.837
2023-07-04 00:00:00+00:00,00:00,A,Eastern_England,18.84
2023-07-04 23:00:00+00:00,00:00,A,Eastern_England,18.228
2023-07-05 00:00:00+00:00,00:00,A,Eastern_England,18.23
2023-07-05 23:00:00+00:00,00:00,A,Eastern_England,18.816
2023-07-06 00:00:00+00:00,00:00,A,Eastern_England,18.83
2023-07-06 23:00:00+00:00,00:00,A,Eastern_England,17.703
2023-07-07 00:00:00+00:00,00:00,A,Eastern_England,17.71
2023-07-07 23:00:00+00:00,00:00,A,Eastern_England,16.149
2023-07-08 00:00:00+00:00,00:00,A,Eastern_England,16.15
2023-07-08 23:00:00+00:00,00:00,A,Eastern_England,18.144
2023-07-09 00:00:00+00:00,00:00,A,Eastern_England,18.15
2023-07-09 23:00:00+00:00,00:00,A,Eastern_England,18.942
2023-07-10 00:00:00+00:00,00:00,A,Eastern_England,18.95
2023-07-10 23:00:00+00:00,00:00,A,Eastern_England,18.5535
2023-07-11 00:00:00+00:00,00:00,A,Eastern_England,18.55
2023-07-11 23:00:00+00:00,00:00,A,Eastern_England,17.451
2023-07-12 00:00:00+00:00,00:00,A,Eastern_England,17.45
2023-07-12 23:00:00+00:00,00:00,A,Eastern_England,17.955
2023-07-13 00:00:00+00:00,00:00,A,Eastern_England,17.95
2023-07-13 23:00:00+00:00,00:00,A,Eastern_England,16.569
2023-07-14 00:00:00+00:00,00:00,A,Eastern_England,16.58
2023-07-14 23:00:00+00:00,00:00,A,Eastern_England,11.487
2023-07-15 00:00:00+00:00,00:00,A,Eastern_England,11.49
2023-07-15 23:00:00+00:00,00:00,A,Eastern_England,8.232
2023-07-16 00:00:00+00:00,00:00,A,Eastern_England,8.23
2023-07-16 23:00:00+00:00,00:00,A,Eastern_England,16.6005
2023-07-17 00:00:00+00:00,00:00,A,Eastern_England,16.61
2023-07-17 23:00:00+00:00,00:00,A,Eastern_England,18.7845
2023-07-18 00:00:00+00:00,00:00,A,Eastern_England,18.78
2023-07-18 23:00:00+00:00,00:00,A,Eastern_England,17.64
2023-07-19 00:00:00+00:00,00:00,A,Eastern_England,17.65
2023-07-19 23:00:00+00:00,00:00,A,Eastern_England,17.5455
2023-07-20 00:00:00+00:00,00:00,A,Eastern_England,17.55
2023-07-20 23:00:00+00:00,00:00,A,Eastern_England,17.2305
2023-07-21 00:00:00+00:00,00:00,A,Eastern_England,17.24
2023-07-21 23:00:00+00:00,00:00,A,Eastern_England,17.5035
2023-07-22 00:00:00+00:00,00:00,A,Eastern_England,17.5
2023-07-22 23:00:00+00:00,00:00,A,Eastern_England,15.0465
2023-07-23 00:00:00+00:00,00:00,A,Eastern_England,15.06
2023-07-23 23:00:00+00:00,00:00,A,Eastern_England,16.989
2023-07-24 00:00:00+00:00,00:00,A,Eastern_England,17.0
2023-07-24 23:00:00+00:00,00:00,A,Eastern_England,17.8395
2023-07-25 00:00:00+00:00,00:00,A,Eastern_England,17.84
2023-07-25 23:00:00+00:00,00:00,A,Eastern_England,17.9865
2023-07-26 00:00:00+00:00,00:00,A,Eastern_England,18.0
2023-07-26 23:00:00+00:00,00:00,A,Eastern_England,18.27
2023-07-27 00:00:00+00:00,00:00,A,Eastern_England,18.28
2023-07-27 23:00:00+00:00,00:00,A,Eastern_England,17.4825
2023-07-28 00:00:00+00:00,00:00,A,Eastern_England,17.49
2023-07-28 23:00:00+00:00,00:00,A,Eastern_England,15.8865
2023-07-29 00:00:00+00:00,00:00,A,Eastern_England,15.9
2023-07-29 23:00:00+00:00,00:00,A,Eastern_England,11.907
2023-07-30 00:00:00+00:00,00:00,A,Eastern_England,11.91
2023-07-30 23:00:00+00:00,00:00,A,Eastern_England,15.9075
2023-07-31 00:00:00+00:00,00:00,A,Eastern_England,15.91
2023-07-31 23:00:00+00:00,00:00,A,Eastern_England,16.8
2023-08-01 00:00:00+00:00,00:00,A,Eastern_England,16.81
2023-08-01 23:00:00+00:00,00:00,A,Eastern_England,16.233
2023-08-02 00:00:00+00:00,00:00,A,Eastern_England,16.24
2023-08-02 23:00:00+00:00,00:00,A,Eastern_England,14.931
2023-08-03 00:00:00+00:00,00:00,A,Eastern_England,14.94
2023-08-03 23:00:00+00:00,00:00,A,Eastern_England,17.4825
2023-08-04 00:00:00+00:00,00:00,A,Eastern_England,17.48
2023-08-04 23:00:00+00:00,00:00,A,Eastern_England,17.2725
2023-08-05 00:00:00+00:00,00:00,A,Eastern_England,17.27
2023-08-05 23:00:00+00:00,00:00,A,Eastern_England,15.351
2023-08-06 00:00:00+00:00,00:00,A,Eastern_England,15.35
2023-08-06 23:00:00+00:00,00:00,A,Eastern_England,16.5165
2023-08-07 00:00:00+00:00,00:00,A,Eastern_England,16.52
2023-08-07 23:00:00+00:00,00:00,A,Eastern_England,16.6425
2023-08-08 00:00:00+00:00,00:00,A,Eastern_England,16.65
2023-08-08 23:00:00+00:00,00:00,A,Eastern_England,17.2515
2023-08-09 00:00:00+00:00,00:00,A,Eastern_England,17.25
2023-08-09 23:00:00+00:00,00:00,A,Eastern_England,17.6505
2023-08-10 00:00:00+00:00,00:00,A,Eastern_England,17.66
2023-08-10 23:00:00+00:00,00:00,A,Eastern_England,17.787
2023-08-11 00:00:00+00:00,00:00,A,Eastern_England,17.79
2023-08-11 23:00:00+00:00,00:00,A,Eastern_England,15.813
2023-08-12 00:00:00+00:00,00:00,A,Eastern_England,15.81
2023-08-12 23:00:00+00:00,00:00,A,Eastern_England,16.695
2023-08-13 00:00:00+00:00,00:00,A,Eastern_England,16.71
2023-08-13 23:00:00+00:00,00:00,A,Eastern_England,18.018
2023-08-14 00:00:00+00:00,00:00,A,Eastern_England,18.03
2023-08-14 23:00:00+00:00,00:00,A,Eastern_England,17.955
2023-08-15 00:00:00+00:00,00:00,A,Eastern_England,17.97
2023-08-15 23:00:00+00:00,00:00,A,Eastern_England,18.9
2023-08-16 00:00:00+00:00,00:00,A,Eastern_England,18.91
2023-08-16 23:00:00+00:00,00:00,A,Eastern_England,18.144
2023-08-17 00:00:00+00:00,00:00,A,Eastern_England,18.14
2023-08-17 23:00:00+00:00,00:00,A,Eastern_England,17.808
2023-08-18 00:00:00+00:00,00:00,A,Eastern_England,17.82
2023-08-18 23:00:00+00:00,00:00,A,Eastern_England,13.9755
2023-08-19 00:00:00+00:00,00:00,A,Eastern_England,13.98
2023-08-19 23:00:00+00:00,00:00,A,Eastern_England,17.997
2023-08-20 00:00:00+00:00,00:00,A,Eastern_England,18.01
2023-08-20 23:00:00+00:00,00:00,A,Eastern_England,18.7425
2023-08-21 00:00:00+00:00,00:00,A,Eastern_England,18.75
2023-08-21 23:00:00+00:00,00:00,A,Eastern_England,19.068
2023-08-22 00:00:00+00:00,00:00,A,Eastern_England,19.08
2023-08-22 23:00:00+00:00,00:00,A,Eastern_England,21.7875
2023-08-23 00:00:00+00:00,00:00,A,Eastern_England,21.8
2023-08-23 23:00:00+00:00,00:00,A,Eastern_England,22.4595
2023-08-24 00:00:00+00:00,00:00,A,Eastern_England,22.47
2023-08-24 23:00:00+00:00,00:00,A,Eastern_England,19.551
2023-08-25 00:00:00+00:00,00:00,A,Eastern_England,19.55
2023-08-25 23:00:00+00:00,00:00,A,Eastern_England,18.2175
2023-08-26 00:00:00+00:00,00:00,A,Eastern_England,18.22
2023-08-26 23:00:00+00:00,00:00,A,Eastern_England,18.207
2023-08-27 00:00:00+00:00,00:00,A,Eastern_England,18.22
2023-08-27 23:00:00+00:00,00:00,A,Eastern_England,18.8685
2023-08-28 00:00:00+00:00,00:00,A,Eastern_England,18.88
2023-08-28 23:00:00+00:00,00:00,A,Eastern_England,19.2255
2023-08-29 00:00:00+00:00,00:00,A,Eastern_England,19.24
2023-08-29 23:00:00+00:00,00:00,A,Eastern_England,19.1205
2023-08-30 00:00:00+00:00,00:00,A,Eastern_England,19.13
2023-08-30 23:00:00+00:00,00:00,A,Eastern_England,18.795
2023-08-31 00:00:00+00:00,00:00,A,Eastern_England,18.81
2023-08-31 23:00:00+00:00,00:00,A,Eastern_England,19.0155
2023-09-01 00:00:00+00:00,00:00,A,Eastern_England,19.02
2023-09-01 23:00:00+00:00,00:00,A,Eastern_England,18.0075
2023-09-02 00:00:00+00:00,00:00,A,Eastern_England,18.01
2023-09-02 23:00:00+00:00,00:00,A,Eastern_England,18.0495
2023-09-03 00:00:00+00:00,00:00,A,Eastern_England,18.06
2023-09-03 23:00:00+00:00,00:00,A,Eastern_England,18.543
2023-09-04 00:00:00+00:00,00:00,A,Eastern_England,18.54
2023-09-04 23:00:00+00:00,00:00,A,Eastern_England,18.102
2023-09-05 00:00:00+00:00,00:00,A,Eastern_England,18.11
2023-09-05 23:00:00+00:00,00:00,A,Eastern_England,18.3015
2023-09-06 00:00:00+00:00,00:00,A,Eastern_England,18.3
2023-09-06 23:00:00+00:00,00:00,A,Eastern_England,18.6375
2023-09-07 00:00:00+00:00,00:00,A,Eastern_England,18.64
2023-09-07 23:00:00+00:00,00:00,A,Eastern_England,18.8685
2023-09-08 00:00:00+00:00,00:00,A,Eastern_England,18.88
2023-09-08 23:00:00+00:00,00:00,A,Eastern_England,17.9865
2023-09-09 00:00:00+00:00,00:00,A,Eastern_England,18.0
2023-09-09 23:00:00+00:00,00:00,A,Eastern_England,18.1755
2023-09-10 00:00:00+00:00,00:00,A,Eastern_England,18.19
2023-09-10 23:00:00+00:00,00:00,A,Eastern_England,20.1915
2023-09-11 00:00:00+00:00,00:00,A,Eastern_England,20.2
2023-09-11 23:00:00+00:00,00:00,A,Eastern_England,19.5615
2023-09-12 00:00:00+00:00,00:00,A,Eastern_England,19.57
2023-09-12 23:00:00+00:00,00:00,A,Eastern_England,18.7425
2023-09-13 00:00:00+00:00,00:00,A,Eastern_England,18.74
2023-09-13 23:00:00+00:00,00:00,A,Eastern_England,18.6795
2023-09-14 00:00:00+00:00,00:00,A,Eastern_England,18.68
2023-09-14 23:00:00+00:00,00:00,A,Eastern_England,18.837
2023-09-15 00:00:00+00:00,00:00,A,Eastern_England,18.85
2023-09-15 23:00:00+00:00,00:00,A,Eastern_England,17.9025
2023-09-16 00:00:00+00:00,00:00,A,Eastern_England,17.9
2023-09-16 23:00:00+00:00,00:00,A,Eastern_England,18.1125
2023-09-17 00:00:00+00:00,00:00,A,Eastern_England,18.12
2023-09-17 23:00:00+00:00,00:00,A,Eastern_England,17.6505
2023-09-18 00:00:00+00:00,00:00,A,Eastern_England,17.66
2023-09-18 23:00:00+00:00,00:00,A,Eastern_England,14.742
2023-09-19 00:00:00+00:00,00:00,A,Eastern_England,14.74
2023-09-19 23:00:00+00:00,00:00,A,Eastern_England,14.175
2023-09-20 00:00:00+00:00,00:00,A,Eastern_England,14.18
2023-09-20 23:00:00+00:00,00:00,A,Eastern_England,17.9445
2023-09-21 00:00:00+00:00,00:00,A,Eastern_England,17.94
2023-09-21 23:00:00+00:00,00:00,A,Eastern_England,18.648
2023-09-22 00:00:00+00:00,00:00,A,Eastern_England,18.66
2023-09-22 23:00:00+00:00,00:00,A,Eastern_England,19.1415
2023-09-23 00:00:00+00:00,00:00,A,Eastern_England,19.14
2023-09-23 23:00:00+00:00,00:00,A,Eastern_England,13.356
2023-09-24 00:00:00+00:00,00:00,A,Eastern_England,13.36
2023-09-24 23:00:00+00:00,00:00,A,Eastern_England,15.8025
2023-09-25 00:00:00+00:00,00:00,A,Eastern_England,15.81
2023-09-25 23:00:00+00:00,00:00,A,Eastern_England,19.1205
2023-09-26 00:00:00+00:00,00:00,A,Eastern_England,19.13
2023-09-26 23:00:00+00:00,00:00,A,Eastern_England,19.0995
2023-09-27 00:00:00+00:00,00:00,A,Eastern_England,19.11
2023-09-27 23:00:00+00:00,00:00,A,Eastern_England,15.309
2023-09-28 00:00:00+00:00,00:00,A,Eastern_England,15.31
2023-09-28 23:00:00+00:00,00:00,A,Eastern_England,17.3565
2023-09-29 00:00:00+00:00,00:00,A,Eastern_England,17.37
2023-09-29 23:00:00+00:00,00:00,A,Eastern_England,18.837
2023-09-30 00:00:00+00:00,00:00,A,Eastern_England,18.84
2023-09-30 23:00:00+00:00,00:00,A,Eastern_England,16.9785
2023-10-01 00:00:00+00:00,00:00,A,Eastern_England,16.98
2023-10-01 23:00:00+00:00,00:00,A,Eastern_England,19.341
2023-10-02 00:00:00+00:00,00:00,A,Eastern_England,19.34
2023-10-02 23:00:00+00:00,00:00,A,Eastern_England,15.435
2023-10-03 23:00:00+00:00,00:00,A,Eastern_England,15.4455
2023-10-04 23:00:00+00:00,00:00,A,Eastern_England,16.8525
2023-10-05 23:00:00+00:00,00:00,A,Eastern_England,14.994
2023-10-06 23:00:00+00:00,00:00,A,Eastern_England,13.965
2023-10-07 23:00:00+00:00,00:00,A,Eastern_England,17.703
2023-10-08 23:00:00+00:00,00:00,A,Eastern_England,19.719
2023-10-09 23:00:00+00:00,00:00,A,Eastern_England,18.018
2023-10-10 23:00:00+00:00,00:00,A,Eastern_England,16.59
2023-10-11 23:00:00+00:00,00:00,A,Eastern_England,21.399
2023-10-12 23:00:00+00:00,00:00,A,Eastern_England,17.073
2023-10-13 23:00:00+00:00,00:00,A,Eastern_England,11.7495
2023-10-14 23:00:00+00:00,00:00,A,Eastern_England,16.8735
2023-10-15 23:00:00+00:00,00:00,A,Eastern_England,23.94
2023-10-16 23:00:00+00:00,00:00,A,Eastern_England,21.6195
2023-10-17 23:00:00+00:00,00:00,A,Eastern_England,15.624
2023-10-18 23:00:00+00:00,00:00,A,Eastern_England,16.7685
2023-10-19 23:00:00+00:00,00:00,A,Eastern_England,16.7265
2023-10-20 23:00:00+00:00,00:00,A,Eastern_England,17.619
2023-10-21 23:00:00+00:00,00:00,A,Eastern_England,19.173
2023-10-22 23:00:00+00:00,00:00,A,Eastern_England,21.168
2023-10-23 23:00:00+00:00,00:00,A,Eastern_England,20.475
2023-10-24 23:00:00+00:00,00:00,A,Eastern_England,21.819
2023-10-25 23:00:00+00:00,00:00,A,Eastern_England,21.3885
2023-10-26 23:00:00+00:00,00:00,A,Eastern_England,20.7795
2023-10-27 23:00:00+00:00,00:00,A,Eastern_England,17.115
2023-10-28 23:00:00+00:00,00:00,A,Eastern_England,13.398
2023-10-30 00:00:00+00:00,00:00,A,Eastern_England,19.0785
2023-10-31 00:00:00+00:00,00:00,A,Eastern_England,20.979
2023-11-01 00:00:00+00:00,00:00,A,Eastern_England,17.598
2023-11-02 00:00:00+00:00,00:00,A,Eastern_England,16.149
2023-11-03 00:00:00+00:00,00:00,A,Eastern_England,16.233
2023-11-04 00:00:00+00:00,00:00,A,Eastern_England,19.362
2023-11-05 00:00:00+00:00,00:00,A,Eastern_England,19.152
2023-11-06 00:00:00+00:00,00:00,A,Eastern_England,19.509
2023-11-07 00:00:00+00:00,00:00,A,Eastern_England,18.3645
2023-11-08 00:00:00+00:00,00:00,A,Eastern_England,18.795
2023-11-09 00:00:00+00:00,00:00,A,Eastern_England,19.6665
2023-11-10 00:00:00+00:00,00:00,A,Eastern_England,19.7085
2023-11-11 00:00:00+00:00,00:00,A,Eastern_England,19.215
2023-11-12 00:00:00+00:00,00:00,A,Eastern_England,19.572
2023-11-13 00:00:00+00:00,00:00,A,Eastern_England,17.871
2023-11-14 00:00:00+00:00,00:00,A,Eastern_England,17.934
2023-11-15 00:00:00+00:00,00:00,A,Eastern_England,18.1965
2023-11-16 00:00:00+00:00,00:00,A,Eastern_England,21.609
2023-11-17 00:00:00+00:00,00:00,A,Eastern_England,21.4095
2023-11-18 00:00:00+00:00,00:00,A,Eastern_England,18.3225
2023-11-19 00:00:00+00:00,00:00,A,Eastern_England,15.6345
2023-11-20 00:00:00+00:00,00:00,A,Eastern_England,19.488
2023-11-21 00:00:00+00:00,00:00,A,Eastern_England,20.7165
2023-11-22 00:00:00+00:00,00:00,A,Eastern_England,19.719
2023-11-23 00:00:00+00:00,00:00,A,Eastern_England,17.052
2023-11-24 00:00:00+00:00,00:00,A,Eastern_England,17.997
2023-11-25 00:00:00+00:00,00:00,A,Eastern_England,20.9475
2023-11-26 00:00:00+00:00,00:00,A,Eastern_England,21.3675
2023-11-27 00:00:00+00:00,00:00,A,Eastern_England,21.021
2023-11-28 00:00:00+00:00,00:00,A,Eastern_England,21.6195
2023-11-29 00:00:00+00:00,00:00,A,Eastern_England,26.5755
2023-11-30 00:00:00+00:00,00:00,A,Eastern_England,28.8225
2023-12-01 00:00:00+00:00,00:00,A,Eastern_England,28.707
2023-12-02 00:00:00+00:00,00:00,A,Eastern_England,24.8115
2023-12-03 00:00:00+00:00,00:00,A,Eastern_England,23.499
2023-12-04 00:00:00+00:00,00:00,A,Eastern_England,23.541
2023-12-05 00:00:00+00:00,00:00,A,Eastern_England,23.6565
2023-12-06 00:00:00+00:00,00:00,A,Eastern_England,24.8535
2023-12-07 00:00:00+00:00,00:00,A,Eastern_England,21.9555
2023-12-08 00:00:00+00:00,00:00,A,Eastern_England,22.008
2023-12-09 00:00:00+00:00,00:00,A,Eastern_England,20.8005
2023-12-10 00:00:00+00:00,00:00,A,Eastern_England,19.362
2023-12-11 00:00:00+00:00,00:00,A,Eastern_England,21.483
2023-12-12 00:00:00+00:00,00:00,A,Eastern_England,21.4305
2023-12-13 00:00:00+00:00,00:00,A,Eastern_England,21.1575
2023-12-14 00:00:00+00:00,00:00,A,Eastern_England,21.336
2023-12-15 00:00:00+00:00,00:00,A,Eastern_England,20.664
2023-12-16 00:00:00+00:00,00:00,A,Eastern_England,18.858
2023-12-17 00:00:00+00:00,00:00,A,Eastern_England,16.7475
2023-12-18 00:00:00+00:00,00:00,A,Eastern_England,19.467
2023-12-19 00:00:00+00:00,00:00,A,Eastern_England,19.3305
2023-12-20 00:00:00+00:00,00:00,A,Eastern_England,18.102
2023-12-21 00:00:00+00:00,00:00,A,Eastern_England,16.2435
2023-12-22 00:00:00+00:00,00:00,A,Eastern_England,15.5295
2023-12-23 00:00:00+00:00,00:00,A,Eastern_England,14.154
2023-12-24 00:00:00+00:00,00:00,A,Eastern_England,11.4975
2023-12-25 00:00:00+00:00,00:00,A,Eastern_England,14.112
2023-12-26 00:00:00+00:00,00:00,A,Eastern_England,17.241
2023-12-27 00:00:00+00:00,00:00,A,Eastern_England,18.186
2023-12-28 00:00:00+00:00,00:00,A,Eastern_England,15.0465
2023-12-29 00:00:00+00:00,00:00,A,Eastern_England,15.834
2023-12-30 00:00:00+00:00,00:00,A,Eastern_England,19.0155
2023-12-31 00:00:00+00:00,00:00,A,Eastern_England,18.4695
2024-01-01 00:00:00+00:00,00:00,A,Eastern_England,16.338
2024-01-02 00:00:00+00:00,00:00,A,Eastern_England,17.4825
2024-01-03 00:00:00+00:00,00:00,A,Eastern_England,19.7925
2024-01-04 00:00:00+00:00,00:00,A,Eastern_England,20.916
2024-01-05 00:00:00+00:00,00:00,A,Eastern_England,21.315
2024-01-06 00:00:00+00:00,00:00,A,Eastern_England,21.2415
2024-01-07 00:00:00+00:00,00:00,A,Eastern_England,21.315
2024-01-08 00:00:00+00:00,00:00,A,Eastern_England,22.05
2024-01-09 00:00:00+00:00,00:00,A,Eastern_England,22.176
2024-01-10 00:00:00+00:00,00:00,A,Eastern_England,22.5015
2024-01-11 00:00:00+00:00,00:00,A,Eastern_England,22.2285
2024-01-12 00:00:00+00:00,00:00,A,Eastern_England,21.924
2024-01-13 00:00:00+00:00,00:00,A,Eastern_England,20.5485
2024-01-14 00:00:00+00:00,00:00,A,Eastern_England,20.2335
2024-01-15 00:00:00+00:00,00:00,A,Eastern_England,20.6745
2024-01-16 00:00:00+00:00,00:00,A,Eastern_England,21.4305
2024-01-17 00:00:00+00:00,00:00,A,Eastern_England,21.8295
2024-01-18 00:00:00+00:00,00:00,A,Eastern_England,20.2545
2024-01-19 00:00:00+00:00,00:00,A,Eastern_England,19.677
2024-01-20 00:00:00+00:00,00:00,A,Eastern_England,19.2255
2024-01-21 00:00:00+00:00,00:00,A,Eastern_England,18.291
2024-01-22 00:00:00+00:00,00:00,A,Eastern_England,17.766
2024-01-23 00:00:00+00:00,00:00,A,Eastern_England,18.3015
2024-01-24 00:00:00+00:00,00:00,A,Eastern_England,17.1255
2024-01-25 00:00:00+00:00,00:00,A,Eastern_England,19.3725
2024-01-26 00:00:00+00:00,00:00,A,Eastern_England,18.4065
2024-01-27 00:00:00+00:00,00:00,A,Eastern_England,18.564
2024-01-28 00:00:00+00:00,00:00,A,Eastern_England,17.493
2024-01-29 00:00:00+00:00,00:00,A,Eastern_England,19.824
2024-01-30 00:00:00+00:00,00:00,A,Eastern_England,19.614
2024-01-31 00:00:00+00:00,00:00,A,Eastern_England,18.879
2024-02-01 00:00:00+00:00,00:00,A,Eastern_England,18.984
2024-02-02 00:00:00+00:00,00:00,A,Eastern_England,18.207
2024-02-03 00:00:00+00:00,00:00,A,Eastern_England,16.3065
2024-02-04 00:00:00+00:00,00:00,A,Eastern_England,14.616
2024-02-05 00:00:00+00:00,00:00,A,Eastern_England,17.304
2024-02-06 00:00:00+00:00,00:00,A,Eastern_England,17.9235
2024-02-07 00:00:00+00:00,00:00,A,Eastern_England,20.3175
2024-02-08 00:00:00+00:00,00:00,A,Eastern_England,19.635
2024-02-09 00:00:00+00:00,00:00,A,Eastern_England,18.438
2024-02-10 00:00:00+00:00,00:00,A,Eastern_England,19.5195
2024-02-11 00:00:00+00:00,00:00,A,Eastern_England,19.5615
2024-02-12 00:00:00+00:00,00:00,A,Eastern_England,19.0155
2024-02-13 00:00:00+00:00,00:00,A,Eastern_England,18.984
2024-02-14 00:00:00+00:00,00:00,A,Eastern_England,18.9945
2024-02-15 00:00:00+00:00,00:00,A,Eastern_England,18.627
2024-02-16 00:00:00+00:00,00:00,A,Eastern_England,18.5535
2024-02-17 00:00:00+00:00,00:00,A,Eastern_England,18.4275
2024-02-18 00:00:00+00:00,00:00,A,Eastern_England,17.976
2024-02-19 00:00:00+00:00,00:00,A,Eastern_England,18.06
2024-02-20 00:00:00+00:00,00:00,A,Eastern_England,18.0495
2024-02-21 00:00:00+00:00,00:00,A,Eastern_England,17.493
2024-02-22 00:00:00+00:00,00:00,A,Eastern_England,17.535
2024-02-23 00:00:00+00:00,00:00,A,Eastern_England,18.081
2024-02-24 00:00:00+00:00,00:00,A,Eastern_England,18.333
2024-02-25 00:00:00+00:00,00:00,A,Eastern_England,18.5535
2024-02-26 00:00:00+00:00,00:00,A,Eastern_England,18.2175
2024-02-27 00:00:00+00:00,00:00,A,Eastern_England,18.5325
2024-02-28 00:00:00+00:00,00:00,A,Eastern_England,18.3435
2024-02-29 00:00:00+00:00,00:00,A,Eastern_England,18.2385
2024-03-01 00:00:00+00:00,00:00,A,Eastern_England,18.795
2024-03-02 00:00:00+00:00,00:00,A,Eastern_England,18.9525
2024-03-03 00:00:00+00:00,00:00,A,Eastern_England,19.2465
2024-03-04 00:00:00+00:00,00:00,A,Eastern_England,19.2675
2024-03-05 00:00:00+00:00,00:00,A,Eastern_England,18.9525
2024-03-06 00:00:00+00:00,00:00,A,Eastern_England,19.74
2024-03-07 00:00:00+00:00,00:00,A,Eastern_England,19.4775
2024-03-08 00:00:00+00:00,00:00,A,Eastern_England,18.5955
2024-03-09 00:00:00+00:00,00:00,A,Eastern_England,17.0835
2024-03-10 00:00:00+00:00,00:00,A,Eastern_England,17.682
2024-03-11 00:00:00+00:00,00:00,A,Eastern_England,19.551
2024-03-12 00:00:00+00:00,00:00,A,Eastern_England,19.1625
2024-03-13 00:00:00+00:00,00:00,A,Eastern_England,18.228
2024-03-14 00:00:00+00:00,00:00,A,Eastern_England,18.396
2024-03-15 00:00:00+00:00,00:00,A,Eastern_England,18.207
2024-03-16 00:00:00+00:00,00:00,A,Eastern_England,18.9735
2024-03-17 00:00:00+00:00,00:00,A,Eastern_England,18.627
2024-03-18 00:00:00+00:00,00:00,A,Eastern_England,19.2885
2024-03-19 00:00:00+00:00,00:00,A,Eastern_England,19.467
2024-03-20 00:00:00+00:00,00:00,A,Eastern_England,20.5275
2024-03-21 00:00:00+00:00,00:00,A,Eastern_England,19.383
2024-03-22 00:00:00+00:00,00:00,A,Eastern_England,17.409
2024-03-23 00:00:00+00:00,00:00,A,Eastern_England,12.201
2024-03-24 00:00:00+00:00,00:00,A,Eastern_England,15.54
2024-03-25 00:00:00+00:00,00:00,A,Eastern_England,20.391
2024-03-26 00:00:00+00:00,00:00,A,Eastern_England,20.4435
2024-03-27 00:00:00+00:00,00:00,A,Eastern_England,19.194
2024-03-28 00:00:00+00:00,00:00,A,Eastern_England,19.215
2024-03-29 00:00:00+00:00,00:00,A,Eastern_England,18.921
2024-03-30 00:00:00+00:00,00:00,A,Eastern_England,19.95
2024-03-31 00:00:00+00:00,00:00,A,Eastern_England,19.7715
2024-03-31 23:00:00+00:00,00:00,A,Eastern_England,18.3435
2024-04-01 00:00:00+00:00,00:00,A,Eastern_England,18.8895
2024-04-02 00:00:00+00:00,00:00,A,Eastern_England,19.8555
2024-04-03 00:00:00+00:00,00:00,A,Eastern_England,18.7845
2024-04-04 00:00:00+00:00,00:00,A,Eastern_England,19.068
2024-04-05 00:00:00+00:00,00:00,A,Eastern_England,16.6635
2024-04-06 00:00:00+00:00,00:00,A,Eastern_England,12.159
2024-04-07 00:00:00+00:00,00:00,A,Eastern_England,12.4635
2024-04-08 00:00:00+00:00,00:00,A,Eastern_England,18.522
2024-04-09 00:00:00+00:00,00:00,A,Eastern_England,17.4195
2024-04-10 00:00:00+00:00,00:00,A,Eastern_England,17.6715
2024-04-11 00:00:00+00:00,00:00,A,Eastern_England,17.0205
2024-04-12 00:00:00+00:00,00:00,A,Eastern_England,14.574
2024-04-13 00:00:00+00:00,00:00,A,Eastern_England,12.789
2024-04-14 00:00:00+00:00,00:00,A,Eastern_England,13.7865
2024-04-15 00:00:00+00:00,00:00,A,Eastern_England,14.9835
2024-04-16 00:00:00+00:00,00:00,A,Eastern_England,16.527
2024-04-17 00:00:00+00:00,00:00,A,Eastern_England,20.4015
2024-04-18 00:00:00+00:00,00:00,A,Eastern_England,20.9265
2024-04-19 00:00:00+00:00,00:00,A,Eastern_England,17.5035
2024-04-20 00:00:00+00:00,00:00,A,Eastern_England,20.202
2024-04-21 00:00:00+00:00,00:00,A,Eastern_England,20.0025
2024-04-22 00:00:00+00:00,00:00,A,Eastern_England,21.105
2024-04-23 00:00:00+00:00,00:00,A,Eastern_England,20.685
2024-04-24 00:00:00+00:00,00:00,A,Eastern_England,20.4855
2024-04-25 00:00:00+00:00,00:00,A,Eastern_England,20.916
2024-04-26 00:00:00+00:00,00:00,A,Eastern_England,20.9895
2024-04-27 00:00:00+00:00,00:00,A,Eastern_England,20.6535
2024-04-28 00:00:00+00:00,00:00,A,Eastern_England,20.2125
2024-04-29 00:00:00+00:00,00:00,A,Eastern_England,19.7085
2024-04-30 00:00:00+00:00,00:00,A,Eastern_England,19.425
2024-05-01 00:00:00+00:00,00:00,A,Eastern_England,20.076
2024-05-02 00:00:00+00:00,00:00,A,Eastern_England,19.2885
2024-05-03 00:00:00+00:00,00:00,A,Eastern_England,20.328
2024-05-04 00:00:00+00:00,00:00,A,Eastern_England,20.5065
2024-05-05 00:00:00+00:00,00:00,A,Eastern_England,21.042
2024-05-06 00:00:00+00:00,00:00,A,Eastern_England,21.105
2024-05-07 00:00:00+00:00,00:00,A,Eastern_England,21.1155
2024-05-08 00:00:00+00:00,00:00,A,Eastern_England,21.084
2024-05-09 00:00:00+00:00,00:00,A,Eastern_England,20.4015
2024-05-10 00:00:00+00:00,00:00,A,Eastern_England,20.58
2024-05-11 00:00:00+00:00,00:00,A,Eastern_England,20.223
2024-05-12 00:00:00+00:00,00:00,A,Eastern_England,17.052
2024-05-13 00:00:00+00:00,00:00,A,Eastern_England,19.509
2024-05-14 00:00:00+00:00,00:00,A,Eastern_England,19.446
2024-05-15 00:00:00+00:00,00:00,A,Eastern_England,20.3175
2024-05-16 00:00:00+00:00,00:00,A,Eastern_England,20.6955
2024-05-17 00:00:00+00:00,00:00,A,Eastern_England,20.7795
2024-05-18 00:00:00+00:00,00:00,A,Eastern_England,20.559
2024-05-19 00:00:00+00:00,00:00,A,Eastern_England,20.2755
2024-05-20 00:00:00+00:00,00:00,A,Eastern_England,20.8215
2024-05-21 00:00:00+00:00,00:00,A,Eastern_England,21.504
2024-05-22 00:00:00+00:00,00:00,A,Eastern_England,20.853
2024-05-23 00:00:00+00:00,00:00,A,Eastern_England,19.635
2024-05-24 00:00:00+00:00,00:00,A,Eastern_England,22.26
2024-05-25 00:00:00+00:00,00:00,A,Eastern_England,21.357
2024-05-26 00:00:00+00:00,00:00,A,Eastern_England,20.7795
2024-05-27 00:00:00+00:00,00:00,A,Eastern_England,21.315
2024-05-28 00:00:00+00:00,00:00,A,Eastern_England,21.63
2024-05-29 00:00:00+00:00,00:00,A,Eastern_England,20.79
2024-05-30 00:00:00+00:00,00:00,A,Eastern_England,19.803
2024-05-31 00:00:00+00:00,00:00,A,Eastern_England,20.097
2024-06-01 00:00:00+00:00,00:00,A,Eastern_England,19.5615
2024-06-02 00:00:00+00:00,00:00,A,Eastern_England,20.16
2024-06-03 00:00:00+00:00,00:00,A,Eastern_England,21.5355
2024-06-04 00:00:00+00:00,00:00,A,Eastern_England,20.706
2024-06-05 00:00:00+00:00,00:00,A,Eastern_England,19.2255
2024-06-06 00:00:00+00:00,00:00,A,Eastern_England,21.294
2024-06-07 00:00:00+00:00,00:00,A,Eastern_England,19.7085
2024-06-08 00:00:00+00:00,00:00,A,Eastern_England,15.309
2024-06-09 00:00:00+00:00,00:00,A,Eastern_England,15.141
