,year,case,rep,zones_controlled,onoffseed,tempseed,cost,cumulative_emissions,comfort_violation (%),mean_comfort_violation,std_comfort_violation,building_cost,sensing_cost,control_names,retrofit_name,installation_cost,name
0,2023,5,0,9,15,15,1778.0796200830491,1.1325225844710416,13.131659056316591,0.0318824727693292,0.2059401250908944,28000.0,520,Full Control,System - ASHP,28520.0,System - ASHP Full Control
1,2023,0,0,9,10,42,864.6438924055233,2.9611804267023922,12.3382800608828,0.0371417608054066,0.2189081993906933,0.0,520,Full Control,Baseline,520.0,Baseline Full Control
2,2023,0,0,9,15,30,864.6438924055233,2.9611804267023922,12.3382800608828,0.0371417608054066,0.2189081993906933,0.0,520,Full Control,Baseline,520.0,Baseline Full Control
3,2023,2,0,0,15,15,1044.3722752648127,3.683961576158744,13.16400304414003,0.4091138041892987,1.7146848815018914,16000.0,0,Manual Control,Fabric - Shallow,16000.0,Fabric - Shallow Manual Control
4,2023,3,0,9,5,30,325.10305664309874,0.7053262986897975,26.162480974124808,0.7683647787210143,2.1663479660135327,51000.0,520,Full Control,Fabric - Deep,51520.0,Fabric - Deep Full Control
5,2023,5,0,4,15,30,1863.3431139620789,1.222737084760662,25.89802130898021,0.9595357168643026,2.505039291097749,28000.0,240,Partial Control,System - ASHP,28240.0,System - ASHP Partial Control
6,2023,0,0,0,15,42,956.910324706902,3.2873746793955387,33.25532724505327,1.7672870921585058,4.1393070368516405,0.0,0,Manual Control,Baseline,0.0,Baseline Manual Control
7,2022,0,0,0,10,30,1820.9884245887586,3.8251037349328016,19.960045662100452,1.0793134193105072,3.056140158169177,0.0,0,Manual Control,Baseline,0.0,Baseline Manual Control
8,2022,5,0,9,10,30,2502.477687616278,1.2611248380994653,11.459284627092844,0.0361612661110965,0.2379094952872463,28000.0,520,Full Control,System - ASHP,28520.0,System - ASHP Full Control
9,2022,3,0,0,5,30,729.724640024315,1.113641572331286,0.7857686453576864,0.0061160454908591,0.1123701957047804,51000.0,0,Manual Control,Fabric - Deep,51000.0,Fabric - Deep Manual Control
10,2022,10,0,9,15,15,1645.1212636691998,0.815310919877461,12.201293759512938,0.0404786324133178,0.2422128096481471,48000.0,520,Full Control,System - ASHP+PV+Batt,48520.0,System - ASHP+PV+Batt Full Control
11,2022,2,0,0,5,42,1469.4094460101412,3.0695192123610457,12.83675799086758,0.0056839105182223,0.0446141480851085,16000.0,0,Manual Control,Fabric - Shallow,16000.0,Fabric - Shallow Manual Control
12,2023,5,0,9,10,15,1778.0796200830491,1.1325225844710416,13.131659056316591,0.0318824727693292,0.2059401250908944,28000.0,520,Full Control,System - ASHP,28520.0,System - ASHP Full Control
13,2023,10,0,4,10,15,1611.9552126960893,1.0185596307496965,18.837519025875192,0.5101057388205389,1.6887297204941072,48000.0,240,Partial Control,System - ASHP+PV+Batt,48240.0,System - ASHP+PV+Batt Partial Control
14,2022,2,0,4,5,15,1608.726381403318,3.38596413125798,8.624429223744293,0.0544988510308747,0.2995252042006876,16000.0,240,Partial Control,Fabric - Shallow,16240.0,Fabric - Shallow Partial Control
15,2023,0,0,1,15,15,1230.361704309118,4.3262302417653125,17.840563165905632,0.7576330775170738,2.4591489268307045,0.0,60,One Zone Controlled,Baseline,60.0,Baseline One Zone Controlled
16,2022,1,0,9,15,30,1357.4447830778977,2.8185103733356867,14.866818873668189,0.0866912260086798,0.4130503253035807,3800.0,520,Full Control,Fabric - Low cost,4320.0,Fabric - Low cost Full Control
17,2023,14,0,0,5,15,340.23215252144183,0.2146988877448871,0.3881278538812785,0.0019173651150468,0.0496853795556262,,0,Manual Control,,,
18,2022,1,0,0,5,15,2526.788135298737,5.349290235643997,0.0057077625570776,4.377167702837994e-05,0.0071104685610019,3800.0,0,Manual Control,Fabric - Low cost,3800.0,Fabric - Low cost Manual Control
19,2022,3,0,0,15,42,595.8846685641623,0.8275788136408813,38.59589041095891,0.6031168784744845,1.6624993491694056,51000.0,0,Manual Control,Fabric - Deep,51000.0,Fabric - Deep Manual Control
20,2022,4,0,4,5,30,548.4654797790455,0.7463619305676796,19.24467275494673,0.4386707195944312,1.536958519331367,71000.0,240,Partial Control,Fabric - Passivhaus,71240.0,Fabric - Passivhaus Partial Control
21,2023,4,0,4,5,42,310.3570003629579,0.6520171545313673,32.30593607305936,0.6137703348458862,1.6828922761348843,71000.0,240,Partial Control,Fabric - Passivhaus,71240.0,Fabric - Passivhaus Partial Control
22,2023,1,0,4,5,15,1189.1321361614303,4.159165756833499,6.27283105022831,0.0172913943742879,0.1240781129004911,3800.0,240,Partial Control,Fabric - Low cost,4040.0,Fabric - Low cost Partial Control
23,2023,3,0,9,15,30,325.10305664309874,0.7053262986897975,26.162480974124808,0.7683647787210143,2.1663479660135327,51000.0,520,Full Control,Fabric - Deep,51520.0,Fabric - Deep Full Control
24,2022,3,0,0,10,30,671.8189839823456,1.001291816706713,11.61910197869102,0.2023553156967706,1.0294929284993268,51000.0,0,Manual Control,Fabric - Deep,51000.0,Fabric - Deep Manual Control
25,2023,0,0,1,10,15,1279.8881249679093,4.497246853188011,15.783866057838662,0.6364265414042698,2.136552766054189,0.0,60,One Zone Controlled,Baseline,60.0,Baseline One Zone Controlled
26,2022,5,0,0,5,30,3421.033838574675,1.7196105337528627,0.5041856925418569,0.0055858648909288,0.1174418141685527,28000.0,0,Manual Control,System - ASHP,28000.0,System - ASHP Manual Control
27,2023,0,0,4,5,42,999.1431044023603,3.4336433047999995,12.659817351598171,0.0139049369417511,0.0924101916761501,0.0,240,Partial Control,Baseline,240.0,Baseline Partial Control
28,2022,2,0,0,15,30,1393.1910877222306,2.92896662173936,22.59322678843227,1.0039837750484997,2.8044145947877084,16000.0,0,Manual Control,Fabric - Shallow,16000.0,Fabric - Shallow Manual Control
29,2023,2,0,0,10,42,783.4802723636448,2.691895584980932,29.948630136986303,1.1459064707946818,3.002399938058429,16000.0,0,Manual Control,Fabric - Shallow,16000.0,Fabric - Shallow Manual Control
30,2023,2,0,9,10,30,673.6820412490923,2.31278983823294,22.054794520547947,0.2048794898351153,0.7443444637835733,16000.0,520,Full Control,Fabric - Shallow,16520.0,Fabric - Shallow Full Control
31,2023,10,0,0,15,15,1598.5737524849656,1.0500567643545302,17.210806697108065,0.7569373720283952,2.6015817914290618,48000.0,0,Manual Control,System - ASHP+PV+Batt,48000.0,System - ASHP+PV+Batt Manual Control
32,2023,3,0,4,15,15,392.1543514941923,0.9544138740244567,15.89992389649924,0.436740449882508,1.6242320903636858,51000.0,240,Partial Control,Fabric - Deep,51240.0,Fabric - Deep Partial Control
33,2022,5,0,9,5,15,2502.477687616278,1.2611248380994653,11.459284627092844,0.0361612661110965,0.2379094952872463,28000.0,520,Full Control,System - ASHP,28520.0,System - ASHP Full Control
34,2023,5,0,9,10,42,1778.0796200830491,1.1325225844710416,13.131659056316591,0.0318824727693292,0.2059401250908944,28000.0,520,Full Control,System - ASHP,28520.0,System - ASHP Full Control
35,2022,3,0,0,15,30,655.250654797708,0.9698494163466624,12.692161339421611,0.2499001539759205,1.276540562948368,51000.0,0,Manual Control,Fabric - Deep,51000.0,Fabric - Deep Manual Control
36,2022,4,0,0,15,30,554.107018941704,0.7667988571607799,16.948249619482496,0.4496376903022263,1.8686696282464412,71000.0,0,Manual Control,Fabric - Passivhaus,71000.0,Fabric - Passivhaus Manual Control
37,2022,5,0,0,15,30,2664.6152332978077,1.3820215522366033,25.33485540334856,1.3721733478051543,3.573882451485156,28000.0,0,Manual Control,System - ASHP,28000.0,System - ASHP Manual Control
38,2022,5,0,9,10,42,2502.477687616278,1.2611248380994653,11.459284627092844,0.0361612661110965,0.2379094952872463,28000.0,520,Full Control,System - ASHP,28520.0,System - ASHP Full Control
39,2023,0,0,4,10,42,907.5690937174265,3.1099167334672804,28.563546423135467,0.9729040150394586,2.561398091710694,0.0,240,Partial Control,Baseline,240.0,Baseline Partial Control
40,2023,4,0,9,10,15,274.6278362487608,0.5369408926290927,33.525494672754945,1.399489318023038,3.258316557993148,71000.0,520,Full Control,Fabric - Passivhaus,71520.0,Fabric - Passivhaus Full Control
41,2022,3,0,0,15,15,778.9462373127141,1.271734099878066,4.550989345509893,0.1333676268641939,1.0707756801288049,51000.0,0,Manual Control,Fabric - Deep,51000.0,Fabric - Deep Manual Control
42,2023,5,0,4,15,42,1764.984486536304,1.1558420468499508,32.231735159817354,1.185771892636552,2.851506194654698,28000.0,240,Partial Control,System - ASHP,28240.0,System - ASHP Partial Control
43,2022,3,0,0,10,42,608.5647994035504,0.8514735181432177,38.78805175038052,0.529024139707775,1.399683820191203,51000.0,0,Manual Control,Fabric - Deep,51000.0,Fabric - Deep Manual Control
44,2022,10,0,9,5,30,1645.1212636691998,0.815310919877461,12.201293759512938,0.0404786324133178,0.2422128096481471,48000.0,520,Full Control,System - ASHP+PV+Batt,48520.0,System - ASHP+PV+Batt Full Control
45,2022,2,0,0,10,30,1450.4216329977387,3.0458478422496507,19.375951293759517,0.8257916595529049,2.466900847254858,16000.0,0,Manual Control,Fabric - Shallow,16000.0,Fabric - Shallow Manual Control
46,2022,1,0,0,15,30,1674.6069710779702,3.5245351026609573,23.559741248097414,1.2920564373114307,3.4079937530185918,3800.0,0,Manual Control,Fabric - Low cost,3800.0,Fabric - Low cost Manual Control
47,2023,10,0,9,15,42,1219.14854652609,0.7757310963240305,13.276255707762555,0.0297820387902886,0.1804454061982691,48000.0,520,Full Control,System - ASHP+PV+Batt,48520.0,System - ASHP+PV+Batt Full Control
48,2023,0,0,4,15,42,891.6147712320147,3.05533294577312,31.95395738203957,1.2401007726302864,2.957880692461412,0.0,240,Partial Control,Baseline,240.0,Baseline Partial Control
49,2022,1,0,4,15,30,1488.974689516497,3.1104774597769245,26.74086757990868,0.993398658345152,2.5790633826883567,3800.0,240,Partial Control,Fabric - Low cost,4040.0,Fabric - Low cost Partial Control
50,2022,3,0,4,10,42,565.6352691440745,0.7699081590796722,34.0810502283105,0.662576963113938,1.8083883992819652,51000.0,240,Partial Control,Fabric - Deep,51240.0,Fabric - Deep Partial Control
51,2023,1,0,0,10,30,1066.6320170159938,3.70089503344988,20.14840182648402,1.040594256310417,2.9396770929220755,3800.0,0,Manual Control,Fabric - Low cost,3800.0,Fabric - Low cost Manual Control
52,2022,10,0,0,10,15,2619.1807884127097,1.3435688494656184,15.393835616438356,0.629479177930131,2.2351641890725764,48000.0,0,Manual Control,System - ASHP+PV+Batt,48000.0,System - ASHP+PV+Batt Manual Control
53,2023,14,0,9,15,30,90.78400535650216,0.0591682811242529,33.90981735159818,1.3568531109226594,3.139687987881909,,520,Full Control,,,
54,2022,10,0,9,15,42,1645.1212636691998,0.815310919877461,12.201293759512938,0.0404786324133178,0.2422128096481471,48000.0,520,Full Control,System - ASHP+PV+Batt,48520.0,System - ASHP+PV+Batt Full Control
55,2022,14,0,4,15,42,177.1746896731035,0.08824995151498759,33.33713850837138,1.0825015661097304,2.675078387523547,,240,Partial Control,,,
56,2022,14,0,4,15,30,184.82911865052648,0.0925465581473528,26.04642313546423,0.9180507849281148,2.5127578839233613,,240,Partial Control,,,
57,2022,5,0,0,15,42,2435.3260084853127,1.263775634141494,33.101217656012174,1.7619373122995954,4.11253500915688,28000.0,0,Manual Control,System - ASHP,28000.0,System - ASHP Manual Control
58,2023,1,0,9,15,15,824.7464781527486,2.827183471637016,16.040715372907155,0.0774157366420219,0.3650598152729165,3800.0,520,Full Control,Fabric - Low cost,4320.0,Fabric - Low cost Full Control
59,2023,1,0,4,10,42,866.4961399153598,2.9712025506762987,30.506088280060883,0.9708877459968795,2.5258322289961224,3800.0,240,Partial Control,Fabric - Low cost,4040.0,Fabric - Low cost Partial Control
60,2022,10,0,0,15,30,1903.5950100082005,0.9766192267773625,24.663242009132414,1.335312149389353,3.490031661375144,48000.0,0,Manual Control,System - ASHP+PV+Batt,48000.0,System - ASHP+PV+Batt Manual Control
61,2022,0,0,0,10,42,1626.3061822443958,3.391202092922364,27.045281582952818,1.3702427668882438,3.5625114868362404,0.0,0,Manual Control,Baseline,0.0,Baseline Manual Control
62,2022,1,0,0,10,15,2161.688191639732,4.580835163780176,14.568112633181126,0.5725040760041152,2.062936229168904,3800.0,0,Manual Control,Fabric - Low cost,3800.0,Fabric - Low cost Manual Control
63,2022,0,0,1,10,42,1566.6474396658846,3.2620728684693527,27.61605783866058,1.3255296123044855,3.441168486226048,0.0,60,One Zone Controlled,Baseline,60.0,Baseline One Zone Controlled
64,2023,5,0,0,5,30,2356.871959084281,1.5223389067177364,0.4452054794520548,0.0032172005004598,0.0701929047920073,28000.0,0,Manual Control,System - ASHP,28000.0,System - ASHP Manual Control
65,2022,3,0,9,10,30,542.5037938108381,0.7261856664248787,25.09512937595129,0.7592987898313243,2.1364461455195296,51000.0,520,Full Control,Fabric - Deep,51520.0,Fabric - Deep Full Control
66,2022,0,0,1,5,42,1792.6878924427253,3.751795549499783,10.471841704718416,0.0055587968749629,0.0431844483219048,0.0,60,One Zone Controlled,Baseline,60.0,Baseline One Zone Controlled
67,2023,0,0,9,15,42,864.6438924055233,2.9611804267023922,12.3382800608828,0.0371417608054066,0.2189081993906933,0.0,520,Full Control,Baseline,520.0,Baseline Full Control
68,2022,1,0,0,5,42,1792.1528404571714,3.7545218318782823,10.688736681887368,0.004025834449767,0.0296484904944245,3800.0,0,Manual Control,Fabric - Low cost,3800.0,Fabric - Low cost Manual Control
69,2023,3,0,4,15,42,335.88189300252816,0.7387490449676838,35.0513698630137,0.7279901690414551,1.9452031651984607,51000.0,240,Partial Control,Fabric - Deep,51240.0,Fabric - Deep Partial Control
70,2023,0,0,1,5,30,1225.601133732353,4.252577751753185,1.0083713850837135,0.0012159916853072,0.0259722691143407,0.0,60,One Zone Controlled,Baseline,60.0,Baseline One Zone Controlled
71,2023,10,0,9,10,42,1219.14854652609,0.7757310963240305,13.276255707762555,0.0297820387902886,0.1804454061982691,48000.0,520,Full Control,System - ASHP+PV+Batt,48520.0,System - ASHP+PV+Batt Full Control
72,2022,1,0,9,10,42,1357.4447830778977,2.8185103733356867,14.866818873668189,0.0866912260086798,0.4130503253035807,3800.0,520,Full Control,Fabric - Low cost,4320.0,Fabric - Low cost Full Control
73,2023,1,0,0,10,15,1315.5964471653567,4.634166326333303,14.461567732115675,0.5718684209685557,2.001820751557824,3800.0,0,Manual Control,Fabric - Low cost,3800.0,Fabric - Low cost Manual Control
74,2022,3,0,4,5,30,643.1374075844512,0.9362726554330653,13.226788432267885,0.2096971510173671,0.8830539216030612,51000.0,240,Partial Control,Fabric - Deep,51240.0,Fabric - Deep Partial Control
75,2023,10,0,4,5,30,1544.6266689018908,0.9822053872381478,5.076103500761035,0.0083424994488317,0.0788687467709728,48000.0,240,Partial Control,System - ASHP+PV+Batt,48240.0,System - ASHP+PV+Batt Partial Control
76,2022,4,0,9,5,30,456.35629956947645,0.5527303953637003,31.489726027397257,1.417707260201166,3.259381047119996,71000.0,520,Full Control,Fabric - Passivhaus,71520.0,Fabric - Passivhaus Full Control
77,2022,3,0,0,5,15,897.2477287217382,1.5009710967496022,0.1293759512937595,0.0008770651812193,0.0322184775716115,51000.0,0,Manual Control,Fabric - Deep,51000.0,Fabric - Deep Manual Control
78,2023,4,0,0,5,30,384.9482598407528,0.9021412443096558,2.4334094368340944,0.0173593529094412,0.1771919524590641,71000.0,0,Manual Control,Fabric - Passivhaus,71000.0,Fabric - Passivhaus Manual Control
79,2022,14,0,0,5,30,355.3374202978771,0.17111649743014254,2.210806697108067,0.0277588609433834,0.3005567680953406,,0,Manual Control,,,
80,2022,5,0,9,10,15,2502.477687616278,1.2611248380994653,11.459284627092844,0.0361612661110965,0.2379094952872463,28000.0,520,Full Control,System - ASHP,28520.0,System - ASHP Full Control
81,2023,3,0,0,5,42,395.1351887247902,0.9293293023580628,35.00380517503805,0.1686344199420018,0.3705812687368364,51000.0,0,Manual Control,Fabric - Deep,51000.0,Fabric - Deep Manual Control
82,2023,2,0,9,5,42,673.6820412490923,2.31278983823294,22.054794520547947,0.2048794898351153,0.7443444637835733,16000.0,520,Full Control,Fabric - Shallow,16520.0,Fabric - Shallow Full Control
83,2022,10,0,4,10,42,1807.3449761251134,0.9025386219997682,27.70357686453577,0.945040947198594,2.5054573671225566,48000.0,240,Partial Control,System - ASHP+PV+Batt,48240.0,System - ASHP+PV+Batt Partial Control
84,2022,0,0,9,5,15,1424.324178669931,2.951908865402867,11.23097412480974,0.0433675718519042,0.2600165670250774,0.0,520,Full Control,Baseline,520.0,Baseline Full Control
85,2022,10,0,0,5,42,2319.73270565795,1.154652466366264,10.9265601217656,0.0062722029186788,0.0589083969488446,48000.0,0,Manual Control,System - ASHP+PV+Batt,48000.0,System - ASHP+PV+Batt Manual Control
86,2023,4,0,9,15,15,274.6278362487608,0.5369408926290927,33.525494672754945,1.399489318023038,3.258316557993148,71000.0,520,Full Control,Fabric - Passivhaus,71520.0,Fabric - Passivhaus Full Control
87,2022,10,0,0,5,15,3192.380457931413,1.596509612004394,0.0114155251141552,6.578947775903553e-05,0.0071388952985049,48000.0,0,Manual Control,System - ASHP+PV+Batt,48000.0,System - ASHP+PV+Batt Manual Control
88,2023,2,0,0,5,30,1009.9654947669768,3.5058958633659887,0.0437595129375951,0.0002940209314205,0.0177649332529184,16000.0,0,Manual Control,Fabric - Shallow,16000.0,Fabric - Shallow Manual Control
89,2023,14,0,4,15,15,114.25030043286368,0.07441929865641655,24.39117199391172,0.872197560927953,2.5169504364111503,,240,Partial Control,,,
90,2023,4,0,9,5,15,274.6278362487608,0.5369408926290927,33.525494672754945,1.399489318023038,3.258316557993148,71000.0,520,Full Control,Fabric - Passivhaus,71520.0,Fabric - Passivhaus Full Control
91,2022,14,0,0,5,15,458.00847425766267,0.22168110712484862,1.0007610350076104,0.0140771940374657,0.2022175227479061,,0,Manual Control,,,
92,2022,1,0,0,5,30,2021.539957986339,4.258936270408561,0.0323439878234398,0.000200806867437,0.0155811832167726,3800.0,0,Manual Control,Fabric - Low cost,3800.0,Fabric - Low cost Manual Control
93,2023,1,0,4,15,30,907.0881399218465,3.129703235069843,27.36491628614916,0.992604269981474,2.556181443605324,3800.0,240,Partial Control,Fabric - Low cost,4040.0,Fabric - Low cost Partial Control
94,2022,0,0,9,5,30,1424.324178669931,2.951908865402867,11.23097412480974,0.0433675718519042,0.2600165670250774,0.0,520,Full Control,Baseline,520.0,Baseline Full Control
95,2023,0,0,4,15,30,949.1259852174039,3.272154973846921,26.12633181126332,1.0075815119874394,2.604149322911714,0.0,240,Partial Control,Baseline,240.0,Baseline Partial Control
96,2022,2,0,0,15,42,1242.13775828482,2.5904882445703317,32.009132420091326,1.4567009988431945,3.5253013231561106,16000.0,0,Manual Control,Fabric - Shallow,16000.0,Fabric - Shallow Manual Control
97,2022,1,0,0,5,42,1792.1528404571714,3.7545218318782823,10.688736681887368,0.004025834449767,0.0296484904944245,3800.0,0,Manual Control,Fabric - Low cost,3800.0,Fabric - Low cost Manual Control
98,2022,0,0,1,10,15,2105.350782516686,4.447159953271211,15.983637747336378,0.6358951475561709,2.188316971269101,0.0,60,One Zone Controlled,Baseline,60.0,Baseline One Zone Controlled
99,2022,4,0,0,5,42,572.91186241668,0.7748267647290786,31.149162861491632,0.1977904033110493,0.6314063480999973,71000.0,0,Manual Control,Fabric - Passivhaus,71000.0,Fabric - Passivhaus Manual Control
100,2022,4,0,9,10,15,456.35629956947645,0.5527303953637003,31.489726027397257,1.417707260201166,3.259381047119996,71000.0,520,Full Control,Fabric - Passivhaus,71520.0,Fabric - Passivhaus Full Control
101,2022,4,0,9,10,30,456.35629956947645,0.5527303953637003,31.489726027397257,1.417707260201166,3.259381047119996,71000.0,520,Full Control,Fabric - Passivhaus,71520.0,Fabric - Passivhaus Full Control
102,2023,0,0,0,10,42,993.2157252213751,3.411617071269099,29.51293759512937,1.3770295034085611,3.5425746150361888,0.0,0,Manual Control,Baseline,0.0,Baseline Manual Control
103,2022,1,0,9,5,15,1357.4447830778977,2.8185103733356867,14.866818873668189,0.0866912260086798,0.4130503253035807,3800.0,520,Full Control,Fabric - Low cost,4320.0,Fabric - Low cost Full Control
104,2023,0,0,1,10,42,955.174252358924,3.2787731625883123,30.01522070015221,1.3320371381109453,3.4268909544126176,0.0,60,One Zone Controlled,Baseline,60.0,Baseline One Zone Controlled
105,2022,5,0,0,15,15,3121.0330762914964,1.6110443542119468,17.92427701674277,0.8728451632622215,2.926089520793629,28000.0,0,Manual Control,System - ASHP,28000.0,System - ASHP Manual Control
106,2023,14,0,4,5,15,189.16605832735607,0.1186359399729565,15.31773211567732,0.3196427691035913,1.204638469492238,,240,Partial Control,,,
107,2022,10,0,0,5,30,2595.382137279345,1.2916348574292074,0.1940639269406392,0.0009312887551358,0.0273807418193356,48000.0,0,Manual Control,System - ASHP+PV+Batt,48000.0,System - ASHP+PV+Batt Manual Control
108,2023,3,0,4,5,15,451.4356621484704,1.1502513546604285,9.157153729071538,0.1345847843104078,0.655751594104518,51000.0,240,Partial Control,Fabric - Deep,51240.0,Fabric - Deep Partial Control
109,2023,1,0,4,15,42,851.5257898646452,2.919969212208927,33.56164383561644,1.2295148489755017,2.9140300575679383,3800.0,240,Partial Control,Fabric - Low cost,4040.0,Fabric - Low cost Partial Control
110,2023,2,0,0,5,42,893.6836859758945,3.0748452052382382,13.875570776255708,0.0059419111013078,0.0385628140737715,16000.0,0,Manual Control,Fabric - Shallow,16000.0,Fabric - Shallow Manual Control
111,2022,14,0,9,5,42,161.9266145924592,0.07983626945682257,31.974885844748854,1.3666098566281732,3.1313373171230023,,520,Full Control,,,
112,2023,2,0,4,5,42,776.0578657887153,2.6684950588849428,19.51864535768645,0.081165291027905,0.3566762014685232,16000.0,240,Partial Control,Fabric - Shallow,16240.0,Fabric - Shallow Partial Control
113,2022,10,0,0,10,30,2190.5740075752296,1.1170974834762208,20.95319634703196,1.086394647916829,3.046207549147354,48000.0,0,Manual Control,System - ASHP+PV+Batt,48000.0,System - ASHP+PV+Batt Manual Control
114,2022,5,0,4,10,30,2794.3837843330416,1.4182835534681326,22.005327245053277,0.7706436601051141,2.201534957064136,28000.0,240,Partial Control,System - ASHP,28240.0,System - ASHP Partial Control
115,2022,4,0,0,5,30,633.3717149032858,0.9177512604924012,2.6426940639269407,0.0363167452697214,0.3730180598499927,71000.0,0,Manual Control,Fabric - Passivhaus,71000.0,Fabric - Passivhaus Manual Control
116,2023,14,0,9,10,30,90.78400535650216,0.0591682811242529,33.90981735159818,1.3568531109226594,3.139687987881909,,520,Full Control,,,
117,2022,14,0,4,10,42,186.68025519887158,0.09274406042155675,33.41704718417047,0.9996010265488704,2.472725912535648,,240,Partial Control,,,
118,2023,14,0,9,5,42,90.78400535650216,0.0591682811242529,33.90981735159818,1.3568531109226594,3.139687987881909,,520,Full Control,,,
119,2023,1,0,4,5,30,1028.9591299667873,3.5597177209174204,6.773211567732115,0.0226511841838432,0.1485281462954067,3800.0,240,Partial Control,Fabric - Low cost,4040.0,Fabric - Low cost Partial Control
120,2022,0,0,9,15,15,1424.324178669931,2.951908865402867,11.23097412480974,0.0433675718519042,0.2600165670250774,0.0,520,Full Control,Baseline,520.0,Baseline Full Control
121,2022,10,0,4,15,30,1808.7743063138205,0.9099536274133089,25.719178082191775,0.9643684846494136,2.528210391597676,48000.0,240,Partial Control,System - ASHP+PV+Batt,48240.0,System - ASHP+PV+Batt Partial Control
122,2023,0,0,9,5,15,864.6438924055233,2.9611804267023922,12.3382800608828,0.0371417608054066,0.2189081993906933,0.0,520,Full Control,Baseline,520.0,Baseline Full Control
123,2022,5,0,9,5,42,2502.477687616278,1.2611248380994653,11.459284627092844,0.0361612661110965,0.2379094952872463,28000.0,520,Full Control,System - ASHP,28520.0,System - ASHP Full Control
124,2022,4,0,0,10,30,570.7868724321515,0.7994370928504706,15.34627092846271,0.3574821857564914,1.6023905796082694,71000.0,0,Manual Control,Fabric - Passivhaus,71000.0,Fabric - Passivhaus Manual Control
125,2022,5,0,0,10,42,2639.414963848119,1.3455537156667325,29.151445966514466,1.382179840372472,3.518039865813825,28000.0,0,Manual Control,System - ASHP,28000.0,System - ASHP Manual Control
126,2022,2,0,9,5,15,1113.747554307853,2.313644126761618,20.842846270928465,0.2165023828333393,0.7844079175542551,16000.0,520,Full Control,Fabric - Shallow,16520.0,Fabric - Shallow Full Control
127,2023,2,0,0,10,15,1092.2690464204443,3.847374219443876,12.203196347031964,0.3573622730739428,1.4892323619233194,16000.0,0,Manual Control,Fabric - Shallow,16000.0,Fabric - Shallow Manual Control
128,2022,0,0,1,15,30,1674.5998060294235,3.511394523002176,24.39117199391172,1.3365456657768695,3.4812325713930483,0.0,60,One Zone Controlled,Baseline,60.0,Baseline One Zone Controlled
129,2022,2,0,0,5,15,2075.7658789855964,4.385568473029928,0.0038051750380517,2.8532640128944444e-05,0.0049857903541117,16000.0,0,Manual Control,Fabric - Shallow,16000.0,Fabric - Shallow Manual Control
130,2023,10,0,0,15,30,1370.97509937942,0.9009767042977443,24.49200913242009,1.3355163107138497,3.4637719134522404,48000.0,0,Manual Control,System - ASHP+PV+Batt,48000.0,System - ASHP+PV+Batt Manual Control
131,2023,2,0,4,5,15,973.7370304201552,3.405596553509955,9.19710806697108,0.0513151652901894,0.2759239852325852,16000.0,240,Partial Control,Fabric - Shallow,16240.0,Fabric - Shallow Partial Control
132,2022,1,0,4,5,42,1560.541754371819,3.261206954621768,13.14117199391172,0.0322935371432817,0.1910581386423582,3800.0,240,Partial Control,Fabric - Low cost,4040.0,Fabric - Low cost Partial Control
133,2022,5,0,4,5,30,3058.654278790493,1.5434083672593282,4.539573820395739,0.0137374672905636,0.1401330356479418,28000.0,240,Partial Control,System - ASHP,28240.0,System - ASHP Partial Control
134,2023,3,0,0,5,15,553.5801643484064,1.5002493950875095,0.0171232876712328,5.859665512711054e-05,0.0054350816288592,51000.0,0,Manual Control,Fabric - Deep,51000.0,Fabric - Deep Manual Control
135,2022,10,0,4,15,42,1708.9501166331895,0.8572271775572214,31.00837138508372,1.193272940292831,2.8743483343360223,48000.0,240,Partial Control,System - ASHP+PV+Batt,48240.0,System - ASHP+PV+Batt Partial Control
136,2023,10,0,9,15,15,1219.14854652609,0.7757310963240305,13.276255707762555,0.0297820387902886,0.1804454061982691,48000.0,520,Full Control,System - ASHP+PV+Batt,48520.0,System - ASHP+PV+Batt Full Control
137,2022,0,0,4,5,15,2045.1384442432357,4.303206816385046,4.10958904109589,0.0091251654020364,0.0891635297166381,0.0,240,Partial Control,Baseline,240.0,Baseline Partial Control
138,2022,1,0,4,10,30,1518.0182937649029,3.171481007324154,23.5882800608828,0.8018654273481526,2.250939066764084,3800.0,240,Partial Control,Fabric - Low cost,4040.0,Fabric - Low cost Partial Control
139,2022,14,0,9,15,15,161.9266145924592,0.07983626945682257,31.974885844748854,1.3666098566281732,3.1313373171230023,,520,Full Control,,,
140,2023,14,0,4,15,30,109.13176814886276,0.07143942757309749,27.798706240487064,0.9339153901431552,2.5667913058325174,,240,Partial Control,,,
141,2023,14,0,9,10,15,90.78400535650216,0.0591682811242529,33.90981735159818,1.3568531109226594,3.139687987881909,,520,Full Control,,,
142,2022,4,0,9,15,15,456.35629956947645,0.5527303953637003,31.489726027397257,1.417707260201166,3.259381047119996,71000.0,520,Full Control,Fabric - Passivhaus,71520.0,Fabric - Passivhaus Full Control
143,2023,1,0,4,10,15,1050.2087045303736,3.665570076621109,19.887747336377476,0.5264349609385603,1.714207234289824,3800.0,240,Partial Control,Fabric - Low cost,4040.0,Fabric - Low cost Partial Control
144,2023,4,0,0,10,15,406.0685305868124,1.0114819321891075,9.43683409436834,0.2386336514629635,1.1257703745255858,71000.0,0,Manual Control,Fabric - Passivhaus,71000.0,Fabric - Passivhaus Manual Control
145,2023,14,0,9,5,15,90.78400535650216,0.0591682811242529,33.90981735159818,1.3568531109226594,3.139687987881909,,520,Full Control,,,
146,2022,3,0,4,10,15,657.1921015007466,1.000482266177339,15.353881278538816,0.3631551524328392,1.4896398050840445,51000.0,240,Partial Control,Fabric - Deep,51240.0,Fabric - Deep Partial Control
147,2023,0,0,9,5,42,864.6438924055233,2.9611804267023922,12.3382800608828,0.0371417608054066,0.2189081993906933,0.0,520,Full Control,Baseline,520.0,Baseline Full Control
148,2022,1,0,9,5,30,1357.4447830778977,2.8185103733356867,14.866818873668189,0.0866912260086798,0.4130503253035807,3800.0,520,Full Control,Fabric - Low cost,4320.0,Fabric - Low cost Full Control
149,2023,0,0,0,10,30,1113.3567807974,3.8610137889900753,20.2130898021309,1.0760923733269532,3.0259644830531007,0.0,0,Manual Control,Baseline,0.0,Baseline Manual Control
150,2022,14,0,9,10,42,161.9266145924592,0.07983626945682257,31.974885844748854,1.3666098566281732,3.1313373171230023,,520,Full Control,,,
151,2022,2,0,9,10,30,1113.747554307853,2.313644126761618,20.842846270928465,0.2165023828333393,0.7844079175542551,16000.0,520,Full Control,Fabric - Shallow,16520.0,Fabric - Shallow Full Control
152,2023,10,0,0,5,42,1573.3876870931622,1.0048836865305677,12.65220700152207,0.0060085947425779,0.0428448183474321,48000.0,0,Manual Control,System - ASHP+PV+Batt,48000.0,System - ASHP+PV+Batt Manual Control
153,2022,1,0,9,15,15,1357.4447830778977,2.8185103733356867,14.866818873668189,0.0866912260086798,0.4130503253035807,3800.0,520,Full Control,Fabric - Low cost,4320.0,Fabric - Low cost Full Control
154,2022,5,0,9,15,15,2502.477687616278,1.2611248380994653,11.459284627092844,0.0361612661110965,0.2379094952872463,28000.0,520,Full Control,System - ASHP,28520.0,System - ASHP Full Control
155,2022,3,0,4,15,30,589.4180716450588,0.8312184523773739,20.9265601217656,0.525749948496179,1.8190936211425397,51000.0,240,Partial Control,Fabric - Deep,51240.0,Fabric - Deep Partial Control
156,2022,0,0,0,15,15,2161.1932945117833,4.578440474160182,16.270928462709286,0.7024911886060979,2.400962010046647,0.0,0,Manual Control,Baseline,0.0,Baseline Manual Control
157,2023,14,0,4,10,15,128.40588691876354,0.08218043978398293,23.76522070015221,0.773602734386017,2.27411875060695,,240,Partial Control,,,
158,2023,4,0,9,10,30,274.6278362487608,0.5369408926290927,33.525494672754945,1.399489318023038,3.258316557993148,71000.0,520,Full Control,Fabric - Passivhaus,71520.0,Fabric - Passivhaus Full Control
159,2022,10,0,9,5,15,1645.1212636691998,0.815310919877461,12.201293759512938,0.0404786324133178,0.2422128096481471,48000.0,520,Full Control,System - ASHP+PV+Batt,48520.0,System - ASHP+PV+Batt Full Control
160,2023,3,0,4,5,42,360.9167758785908,0.8199767807641293,31.035007610350075,0.344973358882392,1.054564247471961,51000.0,240,Partial Control,Fabric - Deep,51240.0,Fabric - Deep Partial Control
161,2022,14,0,0,15,42,215.90000476490684,0.10894275282848603,35.601217656012174,0.6429169731515773,1.9048228423232885,,0,Manual Control,,,
162,2022,10,0,4,5,42,1949.721148208087,0.9707494582622784,12.70738203957382,0.0174640896854285,0.1180071695658455,48000.0,240,Partial Control,System - ASHP+PV+Batt,48240.0,System - ASHP+PV+Batt Partial Control
163,2022,0,0,4,5,30,1762.1305511554312,3.692384214715017,4.528158295281583,0.0116441100311819,0.1039936766189644,0.0,240,Partial Control,Baseline,240.0,Baseline Partial Control
164,2022,0,0,9,5,42,1424.324178669931,2.951908865402867,11.23097412480974,0.0433675718519042,0.2600165670250774,0.0,520,Full Control,Baseline,520.0,Baseline Full Control
165,2023,0,0,4,5,15,1242.8481370460975,4.343339271707623,4.779299847792998,0.0071378612958319,0.0674458022398096,0.0,240,Partial Control,Baseline,240.0,Baseline Partial Control
166,2022,5,0,0,5,15,4212.3882817534395,2.111590965832435,0.1807458143074581,0.0017478134863277,0.0563571937869245,28000.0,0,Manual Control,System - ASHP,28000.0,System - ASHP Manual Control
167,2022,0,0,4,10,42,1492.363541633577,3.0974280298247283,26.558219178082197,0.9676984240549268,2.565993912364211,0.0,240,Partial Control,Baseline,240.0,Baseline Partial Control
168,2022,0,0,4,5,42,1636.1604497414994,3.4142692287250274,10.736301369863014,0.01570659695143,0.1152699983073836,0.0,240,Partial Control,Baseline,240.0,Baseline Partial Control
169,2022,0,0,0,10,15,2258.382637952052,4.7782129661100985,14.805936073059362,0.6062346418895833,2.149116649537416,0.0,0,Manual Control,Baseline,0.0,Baseline Manual Control
170,2023,3,0,0,10,42,366.9943369294842,0.8373751944354725,39.11529680365297,0.5042015705608285,1.2117594093992865,51000.0,0,Manual Control,Fabric - Deep,51000.0,Fabric - Deep Manual Control
171,2022,3,0,0,10,15,807.6741206279527,1.32819588604285,3.428462709284627,0.0915437355713964,0.8089486576016354,51000.0,0,Manual Control,Fabric - Deep,51000.0,Fabric - Deep Manual Control
172,2022,5,0,4,15,15,2992.340132981062,1.533412793001119,20.053272450532724,0.6126193812998011,1.97237330485422,28000.0,240,Partial Control,System - ASHP,28240.0,System - ASHP Partial Control
173,2022,2,0,0,15,15,1722.1992872132626,3.654676744142951,12.890030441400304,0.4241063896502849,1.780665980434173,16000.0,0,Manual Control,Fabric - Shallow,16000.0,Fabric - Shallow Manual Control
174,2022,4,0,0,15,15,624.6038490234778,0.9590872949985141,11.293759512937596,0.3607773541938389,1.764116373154167,71000.0,0,Manual Control,Fabric - Passivhaus,71000.0,Fabric - Passivhaus Manual Control
175,2023,10,0,0,10,15,1915.5403016883904,1.211778265744432,15.11986301369863,0.6308075639135585,2.2069833787295177,48000.0,0,Manual Control,System - ASHP+PV+Batt,48000.0,System - ASHP+PV+Batt Manual Control
176,2022,0,0,4,15,30,1558.977969381952,3.2509983434682597,25.439497716894977,1.003154174898503,2.6146746224481654,0.0,240,Partial Control,Baseline,240.0,Baseline Partial Control
177,2022,10,0,0,10,42,2014.507431407089,1.02090949497477,28.60540334855403,1.381644177001605,3.5448963607817685,48000.0,0,Manual Control,System - ASHP+PV+Batt,48000.0,System - ASHP+PV+Batt Manual Control
178,2022,2,0,4,10,30,1252.2494589464632,2.615458184573324,25.60882800608828,0.7102656033711573,1.991604870609196,16000.0,240,Partial Control,Fabric - Shallow,16240.0,Fabric - Shallow Partial Control
179,2022,2,0,4,5,42,1278.019776004373,2.6656811267145595,18.234398782343987,0.0852412917577103,0.3800419604672383,16000.0,240,Partial Control,Fabric - Shallow,16240.0,Fabric - Shallow Partial Control
180,2022,10,0,9,10,42,1645.1212636691998,0.815310919877461,12.201293759512938,0.0404786324133178,0.2422128096481471,48000.0,520,Full Control,System - ASHP+PV+Batt,48520.0,System - ASHP+PV+Batt Full Control
181,2023,2,0,9,5,15,673.6820412490923,2.31278983823294,22.054794520547947,0.2048794898351153,0.7443444637835733,16000.0,520,Full Control,Fabric - Shallow,16520.0,Fabric - Shallow Full Control
182,2023,5,0,4,5,42,2007.047823975476,1.2881331543205425,14.130517503805176,0.0154552653088962,0.1072013087414018,28000.0,240,Partial Control,System - ASHP,28240.0,System - ASHP Partial Control
183,2023,0,0,1,15,30,1023.0772427734172,3.5434897677690698,24.619482496194824,1.3386136824438737,3.452089159912373,0.0,60,One Zone Controlled,Baseline,60.0,Baseline One Zone Controlled
184,2022,14,0,9,15,30,161.9266145924592,0.07983626945682257,31.974885844748854,1.3666098566281732,3.1313373171230023,,520,Full Control,,,
185,2023,10,0,4,15,42,1239.2123568152417,0.8055580249512445,32.682648401826484,1.1963436665102816,2.8629075433126125,48000.0,240,Partial Control,System - ASHP+PV+Batt,48240.0,System - ASHP+PV+Batt Partial Control
186,2023,1,0,0,15,42,915.0082166569799,3.1453655050666978,33.784246575342465,1.725580326364683,4.045556364392834,3800.0,0,Manual Control,Fabric - Low cost,3800.0,Fabric - Low cost Manual Control
187,2022,2,0,4,15,30,1228.1377657907883,2.565746432687458,27.928082191780824,0.8591791634984959,2.2860085397851058,16000.0,240,Partial Control,Fabric - Shallow,16240.0,Fabric - Shallow Partial Control
188,2023,1,0,0,15,30,1024.63460742486,3.5572038177332836,23.58257229832573,1.2907460891543077,3.3714291426204976,3800.0,0,Manual Control,Fabric - Low cost,3800.0,Fabric - Low cost Manual Control
189,2022,2,0,4,5,30,1379.4115248074586,2.8904822845290936,10.028538812785389,0.0717730126415929,0.3491164960348584,16000.0,240,Partial Control,Fabric - Shallow,16240.0,Fabric - Shallow Partial Control
190,2023,0,0,9,10,15,864.6438924055233,2.9611804267023922,12.3382800608828,0.0371417608054066,0.2189081993906933,0.0,520,Full Control,Baseline,520.0,Baseline Full Control
191,2023,3,0,4,10,30,360.37095588258353,0.82551144345608,21.154870624048705,0.4534723923448037,1.5013034759508874,51000.0,240,Partial Control,Fabric - Deep,51240.0,Fabric - Deep Partial Control
192,2022,5,0,0,10,30,2893.423714199817,1.4797602759112216,21.691400304414003,1.100847969613842,3.058416789194017,28000.0,0,Manual Control,System - ASHP,28000.0,System - ASHP Manual Control
193,2023,5,0,4,10,15,2273.6906807735945,1.430014509803693,18.837519025875192,0.5121627061526897,1.6916451799943788,28000.0,240,Partial Control,System - ASHP,28240.0,System - ASHP Partial Control
194,2022,0,0,4,15,15,1763.330793405838,3.7016097863197603,20.279680365296805,0.6405855123581906,2.0275586027154637,0.0,240,Partial Control,Baseline,240.0,Baseline Partial Control
195,2022,1,0,4,5,15,1955.8108632522928,4.12105230265899,5.631659056316591,0.0200558841427718,0.1506318915946987,3800.0,240,Partial Control,Fabric - Low cost,4040.0,Fabric - Low cost Partial Control
196,2022,4,0,4,10,42,481.0527451562055,0.6001748349288124,33.98401826484018,1.0711701590264278,2.623386911907805,71000.0,240,Partial Control,Fabric - Passivhaus,71240.0,Fabric - Passivhaus Partial Control
197,2022,0,0,1,15,15,2023.557122064013,4.277999540459998,17.661719939117198,0.759246766674642,2.515251648871848,0.0,60,One Zone Controlled,Baseline,60.0,Baseline One Zone Controlled
198,2023,2,0,4,15,30,745.4599908245473,2.573687726841178,28.871765601217657,0.85163481384881,2.2484011553627075,16000.0,240,Partial Control,Fabric - Shallow,16240.0,Fabric - Shallow Partial Control
199,2022,1,0,4,10,42,1424.3597342387716,2.9607383066436324,28.261035007610356,0.9688823647007864,2.537505710877272,3800.0,240,Partial Control,Fabric - Low cost,4040.0,Fabric - Low cost Partial Control
200,2023,5,0,9,5,15,1778.0796200830491,1.1325225844710416,13.131659056316591,0.0318824727693292,0.2059401250908944,28000.0,520,Full Control,System - ASHP,28520.0,System - ASHP Full Control
201,2023,10,0,0,5,30,1796.4783650316542,1.1510689695306322,0.121765601217656,0.0005314164288123,0.0205601820582824,48000.0,0,Manual Control,System - ASHP+PV+Batt,48000.0,System - ASHP+PV+Batt Manual Control
202,2023,14,0,9,10,42,90.78400535650216,0.0591682811242529,33.90981735159818,1.3568531109226594,3.139687987881909,,520,Full Control,,,
203,2023,5,0,0,10,30,2151.523621758861,1.3344204176071837,21.820776255707763,1.0893739992501417,3.027510471541188,28000.0,0,Manual Control,System - ASHP,28000.0,System - ASHP Manual Control
204,2023,0,0,0,10,15,1373.7997107911892,4.834965150899617,14.634703196347033,0.6068567181887053,2.0899082020523907,0.0,0,Manual Control,Baseline,0.0,Baseline Manual Control
205,2023,0,0,4,10,15,1098.3105932098865,3.8291683426613976,18.64916286149163,0.5340526130503828,1.7491006011723838,0.0,240,Partial Control,Baseline,240.0,Baseline Partial Control
206,2023,3,0,0,5,30,442.4204642180074,1.096478827526378,0.5745814307458144,0.0030290218569141,0.0647573049889532,51000.0,0,Manual Control,Fabric - Deep,51000.0,Fabric - Deep Manual Control
207,2022,3,0,9,5,30,542.5037938108381,0.7261856664248787,25.09512937595129,0.7592987898313243,2.1364461455195296,51000.0,520,Full Control,Fabric - Deep,51520.0,Fabric - Deep Full Control
208,2022,2,0,9,10,42,1113.747554307853,2.313644126761618,20.842846270928465,0.2165023828333393,0.7844079175542551,16000.0,520,Full Control,Fabric - Shallow,16520.0,Fabric - Shallow Full Control
209,2023,4,0,4,10,30,301.8326051082177,0.6312024945487956,27.19368340943684,0.8947595870675181,2.4844425690608816,71000.0,240,Partial Control,Fabric - Passivhaus,71240.0,Fabric - Passivhaus Partial Control
210,2023,2,0,4,15,42,697.6785786907905,2.3939938863157817,35.403348554033485,1.1087040180335508,2.6313217116345267,16000.0,240,Partial Control,Fabric - Shallow,16240.0,Fabric - Shallow Partial Control
211,2022,2,0,0,10,15,1801.92684427377,3.8166504491798094,11.974885844748858,0.367389879201034,1.5638481644297166,16000.0,0,Manual Control,Fabric - Shallow,16000.0,Fabric - Shallow Manual Control
212,2023,10,0,4,15,30,1313.6828167076126,0.8542087205259438,26.1910197869102,0.9640571795133784,2.508243968477426,48000.0,240,Partial Control,System - ASHP+PV+Batt,48240.0,System - ASHP+PV+Batt Partial Control
213,2023,2,0,0,10,30,882.891118409708,3.062291969717074,19.010654490106543,0.8154691476042047,2.413196509447873,16000.0,0,Manual Control,Fabric - Shallow,16000.0,Fabric - Shallow Manual Control
214,2022,4,0,4,15,30,492.4158621420853,0.6351303146585288,26.428843226788437,1.0034272522317964,2.731182742784537,71000.0,240,Partial Control,Fabric - Passivhaus,71240.0,Fabric - Passivhaus Partial Control
215,2022,0,0,0,5,15,2644.247155691275,5.592885863842387,0.0038051750380517,1.6077734182823076e-05,0.0028615842690886,0.0,0,Manual Control,Baseline,0.0,Baseline Manual Control
216,2022,14,0,0,15,15,273.4822877152474,0.13844061812793484,10.150304414003044,0.2924355703794585,1.5363348919165372,,0,Manual Control,,,
217,2022,0,0,9,10,15,1424.324178669931,2.951908865402867,11.23097412480974,0.0433675718519042,0.2600165670250774,0.0,520,Full Control,Baseline,520.0,Baseline Full Control
218,2022,10,0,4,10,30,1934.996162039474,0.9681999591765271,22.437214611872147,0.7804750296424202,2.2202849337995856,48000.0,240,Partial Control,System - ASHP+PV+Batt,48240.0,System - ASHP+PV+Batt Partial Control
219,2022,2,0,0,5,30,1659.2513326834817,3.486443067010322,0.045662100456621,0.0003358195028084,0.0224551548596567,16000.0,0,Manual Control,Fabric - Shallow,16000.0,Fabric - Shallow Manual Control
220,2023,14,0,0,15,30,160.62785194788745,0.10636662557785403,14.613774733637747,0.3462158077141151,1.411416061566135,,0,Manual Control,,,
221,2022,0,0,1,5,15,2463.2632583880036,5.206232137430267,0.8085996955859969,0.0008955321771972,0.0200895745435694,0.0,60,One Zone Controlled,Baseline,60.0,Baseline One Zone Controlled
222,2023,5,0,0,15,42,1700.8030704023718,1.1354710084448338,35.372907153729074,1.765049308422958,4.087546215057154,28000.0,0,Manual Control,System - ASHP,28000.0,System - ASHP Manual Control
223,2023,4,0,4,5,15,373.6265041209253,0.8898556943808064,15.490867579908675,0.3313421384565692,1.256976797270371,71000.0,240,Partial Control,Fabric - Passivhaus,71240.0,Fabric - Passivhaus Partial Control
224,2022,14,0,0,10,15,317.983214582898,0.15861659467653175,7.954718417047184,0.2191045536571082,1.2875205820173825,,0,Manual Control,,,
225,2023,14,0,0,10,15,231.18079745042726,0.1462932339719543,8.628234398782345,0.1873157617277367,0.9392040053020728,,0,Manual Control,,,
226,2022,5,0,0,10,15,3449.955883304638,1.7546665504922168,16.154870624048705,0.6913836400288361,2.39524559958904,28000.0,0,Manual Control,System - ASHP,28000.0,System - ASHP Manual Control
227,2023,5,0,0,15,15,2083.9687662290935,1.4016641404080217,18.234398782343987,0.8560690213060177,2.868065307277829,28000.0,0,Manual Control,System - ASHP,28000.0,System - ASHP Manual Control
228,2023,3,0,0,15,15,482.56469576233314,1.2681622757988358,4.813546423135464,0.0913467009398271,0.6499097790347355,51000.0,0,Manual Control,Fabric - Deep,51000.0,Fabric - Deep Manual Control
229,2022,5,0,4,15,42,2532.2478460440943,1.2936627220820502,30.302511415525117,1.179107574327647,2.85761603012159,28000.0,240,Partial Control,System - ASHP,28240.0,System - ASHP Partial Control
230,2023,1,0,4,15,15,1023.1293376993592,3.572336242053369,21.855022831050228,0.6328675687801713,1.9734989138500805,3800.0,240,Partial Control,Fabric - Low cost,4040.0,Fabric - Low cost Partial Control
231,2023,14,0,4,10,30,120.13639749940599,0.07771221324533915,27.19368340943684,0.8343952899885931,2.3230213426779804,,240,Partial Control,,,
232,2022,10,0,9,10,15,1645.1212636691998,0.815310919877461,12.201293759512938,0.0404786324133178,0.2422128096481471,48000.0,520,Full Control,System - ASHP+PV+Batt,48520.0,System - ASHP+PV+Batt Full Control
233,2022,5,0,4,15,30,2675.097713168757,1.3691345463211892,25.327245053272453,0.9569899718400317,2.5200539166351903,28000.0,240,Partial Control,System - ASHP,28240.0,System - ASHP Partial Control
234,2023,5,0,4,5,30,2148.919676169802,1.3781986126030916,4.973363774733638,0.0109787606216135,0.1094194807153609,28000.0,240,Partial Control,System - ASHP,28240.0,System - ASHP Partial Control
235,2023,2,0,4,10,30,760.1409651452501,2.6235019616614594,26.45738203957382,0.7013668912552118,1.948370408008292,16000.0,240,Partial Control,Fabric - Shallow,16240.0,Fabric - Shallow Partial Control
236,2022,3,0,4,5,15,735.9516245117226,1.1590577941723632,9.653729071537292,0.1410116565991347,0.7402983157525864,51000.0,240,Partial Control,Fabric - Deep,51240.0,Fabric - Deep Partial Control
237,2023,14,0,4,10,42,110.73597474122283,0.07265142667942176,35.18645357686454,1.0029842851292448,2.452984323267691,,240,Partial Control,,,
238,2023,4,0,9,5,30,274.6278362487608,0.5369408926290927,33.525494672754945,1.399489318023038,3.258316557993148,71000.0,520,Full Control,Fabric - Passivhaus,71520.0,Fabric - Passivhaus Full Control
239,2022,3,0,9,15,15,542.5037938108381,0.7261856664248787,25.09512937595129,0.7592987898313243,2.1364461455195296,51000.0,520,Full Control,Fabric - Deep,51520.0,Fabric - Deep Full Control
240,2023,1,0,9,10,30,824.7464781527486,2.827183471637016,16.040715372907155,0.0774157366420219,0.3650598152729165,3800.0,520,Full Control,Fabric - Low cost,4320.0,Fabric - Low cost Full Control
241,2023,2,0,9,10,42,673.6820412490923,2.31278983823294,22.054794520547947,0.2048794898351153,0.7443444637835733,16000.0,520,Full Control,Fabric - Shallow,16520.0,Fabric - Shallow Full Control
242,2023,14,0,0,10,42,160.177117082615,0.10637031575155927,30.435692541856923,0.4698794812455574,1.410760203642859,,0,Manual Control,,,
243,2023,14,0,0,15,15,190.60852024496648,0.12353485230889807,10.327245053272453,0.2735622231077618,1.2435099090047808,,0,Manual Control,,,
244,2022,2,0,9,5,42,1113.747554307853,2.313644126761618,20.842846270928465,0.2165023828333393,0.7844079175542551,16000.0,520,Full Control,Fabric - Shallow,16520.0,Fabric - Shallow Full Control
245,2022,10,0,4,15,15,2027.0609551317334,1.0281844105074776,20.180745814307457,0.6119440850846032,1.9687544749189403,48000.0,240,Partial Control,System - ASHP+PV+Batt,48240.0,System - ASHP+PV+Batt Partial Control
246,2022,0,0,9,15,42,1424.324178669931,2.951908865402867,11.23097412480974,0.0433675718519042,0.2600165670250774,0.0,520,Full Control,Baseline,520.0,Baseline Full Control
247,2022,5,0,4,10,42,2628.6091055903325,1.3330038487349298,27.054794520547947,0.9294059789182738,2.478793452642026,28000.0,240,Partial Control,System - ASHP,28240.0,System - ASHP Partial Control
248,2023,2,0,9,5,30,673.6820412490923,2.31278983823294,22.054794520547947,0.2048794898351153,0.7443444637835733,16000.0,520,Full Control,Fabric - Shallow,16520.0,Fabric - Shallow Full Control
249,2023,3,0,9,15,42,325.10305664309874,0.7053262986897975,26.162480974124808,0.7683647787210143,2.1663479660135327,51000.0,520,Full Control,Fabric - Deep,51520.0,Fabric - Deep Full Control
250,2022,2,0,9,15,30,1113.747554307853,2.313644126761618,20.842846270928465,0.2165023828333393,0.7844079175542551,16000.0,520,Full Control,Fabric - Shallow,16520.0,Fabric - Shallow Full Control
251,2023,0,0,9,10,30,864.6438924055233,2.9611804267023922,12.3382800608828,0.0371417608054066,0.2189081993906933,0.0,520,Full Control,Baseline,520.0,Baseline Full Control
252,2022,2,0,4,10,42,1171.5441215682729,2.4330678992226016,31.227168949771688,0.9000083541561547,2.311430306073349,16000.0,240,Partial Control,Fabric - Shallow,16240.0,Fabric - Shallow Partial Control
253,2022,4,0,4,5,42,515.5735964572967,0.6670873320890892,30.500380517503807,0.6268300427615456,1.7711319464097814,71000.0,240,Partial Control,Fabric - Passivhaus,71240.0,Fabric - Passivhaus Partial Control
254,2022,4,0,4,15,42,474.8466360994369,0.5883045534303382,33.86796042617961,1.1624989973945874,2.843824422726596,71000.0,240,Partial Control,Fabric - Passivhaus,71240.0,Fabric - Passivhaus Partial Control
255,2022,1,0,4,10,15,1727.6616108192434,3.63261362535866,19.484398782343987,0.5261359448598607,1.7505811510661664,3800.0,240,Partial Control,Fabric - Low cost,4040.0,Fabric - Low cost Partial Control
256,2022,2,0,4,15,42,1152.5820319097932,2.393932288896038,33.78614916286149,1.1142958747646847,2.663889672966976,16000.0,240,Partial Control,Fabric - Shallow,16240.0,Fabric - Shallow Partial Control
257,2023,0,0,0,15,30,1070.3825913863889,3.7134647782657337,23.63584474885845,1.3393896499083011,3.4800884574378084,0.0,0,Manual Control,Baseline,0.0,Baseline Manual Control
258,2022,5,0,9,15,42,2502.477687616278,1.2611248380994653,11.459284627092844,0.0361612661110965,0.2379094952872463,28000.0,520,Full Control,System - ASHP,28520.0,System - ASHP Full Control
259,2022,14,0,9,10,30,161.9266145924592,0.07983626945682257,31.974885844748854,1.3666098566281732,3.1313373171230023,,520,Full Control,,,
260,2023,3,0,9,5,15,325.10305664309874,0.7053262986897975,26.162480974124808,0.7683647787210143,2.1663479660135327,51000.0,520,Full Control,Fabric - Deep,51520.0,Fabric - Deep Full Control
261,2023,3,0,0,15,30,398.3775661533133,0.952396174545885,13.409436834094368,0.2106032015334348,0.964580579395851,51000.0,0,Manual Control,Fabric - Deep,51000.0,Fabric - Deep Manual Control
262,2022,14,0,0,5,42,302.343290193003,0.14506433782229386,20.374809741248097,0.1155156079429687,0.5075757957319138,,0,Manual Control,,,
263,2023,3,0,9,10,42,325.10305664309874,0.7053262986897975,26.162480974124808,0.7683647787210143,2.1663479660135327,51000.0,520,Full Control,Fabric - Deep,51520.0,Fabric - Deep Full Control
264,2022,0,0,4,15,42,1467.4862074173334,3.04488781945946,29.925799086757998,1.230889961604393,2.9604142781688743,0.0,240,Partial Control,Baseline,240.0,Baseline Partial Control
265,2023,14,0,9,15,42,90.78400535650216,0.0591682811242529,33.90981735159818,1.3568531109226594,3.139687987881909,,520,Full Control,,,
266,2022,14,0,9,10,15,161.9266145924592,0.07983626945682257,31.974885844748854,1.3666098566281732,3.1313373171230023,,520,Full Control,,,
267,2023,4,0,4,15,15,316.1424949613219,0.6953416372875854,24.634703196347036,0.943706670904353,2.704720680608948,71000.0,240,Partial Control,Fabric - Passivhaus,71240.0,Fabric - Passivhaus Partial Control
268,2022,2,0,9,5,30,1113.747554307853,2.313644126761618,20.842846270928465,0.2165023828333393,0.7844079175542551,16000.0,520,Full Control,Fabric - Shallow,16520.0,Fabric - Shallow Full Control
269,2023,2,0,9,15,30,673.6820412490923,2.31278983823294,22.054794520547947,0.2048794898351153,0.7443444637835733,16000.0,520,Full Control,Fabric - Shallow,16520.0,Fabric - Shallow Full Control
270,2023,1,0,9,5,42,824.7464781527486,2.827183471637016,16.040715372907155,0.0774157366420219,0.3650598152729165,3800.0,520,Full Control,Fabric - Low cost,4320.0,Fabric - Low cost Full Control
271,2023,0,0,0,5,15,1608.305946251859,5.6591756282203916,0.0,0.0,0.0,0.0,0,Manual Control,Baseline,0.0,Baseline Manual Control
272,2022,4,0,9,5,15,456.35629956947645,0.5527303953637003,31.489726027397257,1.417707260201166,3.259381047119996,71000.0,520,Full Control,Fabric - Passivhaus,71520.0,Fabric - Passivhaus Full Control
273,2023,4,0,0,10,42,316.1713193913682,0.6698782463176655,37.589421613394215,0.6332166108402749,1.6572959864454004,71000.0,0,Manual Control,Fabric - Passivhaus,71000.0,Fabric - Passivhaus Manual Control
274,2022,0,0,0,15,30,1750.1029138187776,3.678232930488497,23.515981735159816,1.3383602744055565,3.5138943418612474,0.0,0,Manual Control,Baseline,0.0,Baseline Manual Control
275,2022,10,0,9,5,42,1645.1212636691998,0.815310919877461,12.201293759512938,0.0404786324133178,0.2422128096481471,48000.0,520,Full Control,System - ASHP+PV+Batt,48520.0,System - ASHP+PV+Batt Full Control
276,2022,14,0,9,5,30,161.9266145924592,0.07983626945682257,31.974885844748854,1.3666098566281732,3.1313373171230023,,520,Full Control,,,
277,2023,4,0,0,10,30,345.8223089372102,0.7773428826563817,15.555555555555555,0.3387059529740436,1.353698526298992,71000.0,0,Manual Control,Fabric - Passivhaus,71000.0,Fabric - Passivhaus Manual Control
278,2023,4,0,0,5,42,345.6859222281923,0.7636454757347548,32.67313546423136,0.1845536657974238,0.4985703980826442,71000.0,0,Manual Control,Fabric - Passivhaus,71000.0,Fabric - Passivhaus Manual Control
279,2023,0,0,1,5,42,1097.600854143488,3.777833423521542,12.465753424657535,0.0059505627167973,0.0370050036687063,0.0,60,One Zone Controlled,Baseline,60.0,Baseline One Zone Controlled
280,2023,3,0,9,5,42,325.10305664309874,0.7053262986897975,26.162480974124808,0.7683647787210143,2.1663479660135327,51000.0,520,Full Control,Fabric - Deep,51520.0,Fabric - Deep Full Control
281,2022,1,0,9,15,42,1357.4447830778977,2.8185103733356867,14.866818873668189,0.0866912260086798,0.4130503253035807,3800.0,520,Full Control,Fabric - Low cost,4320.0,Fabric - Low cost Full Control
282,2023,4,0,0,5,15,474.7426510183907,1.2317600992923359,0.5003805175038052,0.0028110323189044,0.0615933028390401,71000.0,0,Manual Control,Fabric - Passivhaus,71000.0,Fabric - Passivhaus Manual Control
283,2023,1,0,4,10,30,925.1475524485927,3.191664811641368,24.366438356164384,0.7990513874979901,2.2310819117739737,3800.0,240,Partial Control,Fabric - Low cost,4040.0,Fabric - Low cost Partial Control
284,2023,4,0,0,15,30,335.33578442310505,0.7434965734495934,16.912100456621005,0.4419686952975605,1.6806782368497335,71000.0,0,Manual Control,Fabric - Passivhaus,71000.0,Fabric - Passivhaus Manual Control
285,2023,2,0,9,15,42,673.6820412490923,2.31278983823294,22.054794520547947,0.2048794898351153,0.7443444637835733,16000.0,520,Full Control,Fabric - Shallow,16520.0,Fabric - Shallow Full Control
286,2022,1,0,9,5,42,1357.4447830778977,2.8185103733356867,14.866818873668189,0.0866912260086798,0.4130503253035807,3800.0,520,Full Control,Fabric - Low cost,4320.0,Fabric - Low cost Full Control
287,2022,10,0,0,15,42,1752.55436454557,0.8961376218228729,32.60464231354642,1.7528576998242922,4.107699553652371,48000.0,0,Manual Control,System - ASHP+PV+Batt,48000.0,System - ASHP+PV+Batt Manual Control
288,2022,5,0,4,10,15,3154.3265695669375,1.5994541441228982,18.32572298325723,0.5090013704199057,1.7186673768604377,28000.0,240,Partial Control,System - ASHP,28240.0,System - ASHP Partial Control
289,2023,10,0,0,10,30,1611.8143079184376,1.0207358122885752,21.044520547945204,1.0794043904515804,3.0151628748273964,48000.0,0,Manual Control,System - ASHP+PV+Batt,48000.0,System - ASHP+PV+Batt Manual Control
290,2022,2,0,9,15,15,1113.747554307853,2.313644126761618,20.842846270928465,0.2165023828333393,0.7844079175542551,16000.0,520,Full Control,Fabric - Shallow,16520.0,Fabric - Shallow Full Control
291,2023,2,0,0,15,42,754.1755155203251,2.5927415606823523,33.586377473363775,1.4515231539058022,3.4762240642480564,16000.0,0,Manual Control,Fabric - Shallow,16000.0,Fabric - Shallow Manual Control
292,2022,0,0,9,10,42,1424.324178669931,2.951908865402867,11.23097412480974,0.0433675718519042,0.2600165670250774,0.0,520,Full Control,Baseline,520.0,Baseline Full Control
293,2023,10,0,4,5,42,1432.6502612853542,0.9135399004117626,14.265601217656013,0.0136409680337719,0.0854938545582987,48000.0,240,Partial Control,System - ASHP+PV+Batt,48240.0,System - ASHP+PV+Batt Partial Control
294,2023,10,0,4,5,15,1784.9530813716522,1.1303816645066238,4.91248097412481,0.0069859839494374,0.0714947593896926,48000.0,240,Partial Control,System - ASHP+PV+Batt,48240.0,System - ASHP+PV+Batt Partial Control
295,2023,0,0,1,5,15,1497.6133455574104,5.265400902433386,0.8333333333333334,0.0007038964401047,0.0166845641992507,0.0,60,One Zone Controlled,Baseline,60.0,Baseline One Zone Controlled
296,2023,3,0,0,15,42,359.5465729421212,0.8132236471536244,38.91362252663623,0.5723830507882762,1.4389549199239071,51000.0,0,Manual Control,Fabric - Deep,51000.0,Fabric - Deep Manual Control
297,2022,0,0,0,5,42,1877.001451594912,3.927782477640657,10.150304414003044,0.00359552661923,0.021952410180066,0.0,0,Manual Control,Baseline,0.0,Baseline Manual Control
298,2022,1,0,9,10,30,1357.4447830778977,2.8185103733356867,14.866818873668189,0.0866912260086798,0.4130503253035807,3800.0,520,Full Control,Fabric - Low cost,4320.0,Fabric - Low cost Full Control
299,2022,3,0,9,15,42,542.5037938108381,0.7261856664248787,25.09512937595129,0.7592987898313243,2.1364461455195296,51000.0,520,Full Control,Fabric - Deep,51520.0,Fabric - Deep Full Control
300,2022,0,0,0,5,42,1877.001451594912,3.927782477640657,10.150304414003044,0.00359552661923,0.021952410180066,0.0,0,Manual Control,Baseline,0.0,Baseline Manual Control
301,2023,3,0,4,5,30,388.3272748358972,0.9165891101270757,13.116438356164384,0.202716534313455,0.8222526924382444,51000.0,240,Partial Control,Fabric - Deep,51240.0,Fabric - Deep Partial Control
302,2023,2,0,4,15,15,843.0323523651792,2.9470442759174835,22.00152207001522,0.5017622912173113,1.7225099827360193,16000.0,240,Partial Control,Fabric - Shallow,16240.0,Fabric - Shallow Partial Control
303,2022,14,0,0,15,30,244.0662028058822,0.12305971219262313,14.876331811263318,0.3610140246264363,1.626233855585765,,0,Manual Control,,,
304,2023,4,0,4,5,30,331.36503920467885,0.7270540300031698,19.91248097412481,0.4241720729182777,1.418318204793434,71000.0,240,Partial Control,Fabric - Passivhaus,71240.0,Fabric - Passivhaus Partial Control
305,2022,1,0,4,15,42,1400.72089500795,2.910954943705102,31.50304414003044,1.2262715603489092,2.9284036489648475,3800.0,240,Partial Control,Fabric - Low cost,4040.0,Fabric - Low cost Partial Control
306,2022,4,0,4,10,15,530.8944628624736,0.7406511146376329,23.08028919330289,0.8326695564889155,2.43857959567164,71000.0,240,Partial Control,Fabric - Passivhaus,71240.0,Fabric - Passivhaus Partial Control
307,2023,0,0,1,15,42,926.3570224915896,3.179505985630313,33.605403348554034,1.7149201384249009,4.016999572252732,0.0,60,One Zone Controlled,Baseline,60.0,Baseline One Zone Controlled
308,2022,1,0,0,10,30,1743.3196053397344,3.6667051279661758,19.95624048706241,1.0460283926553626,2.9736311211057163,3800.0,0,Manual Control,Fabric - Low cost,3800.0,Fabric - Low cost Manual Control
309,2023,0,0,9,5,30,864.6438924055233,2.9611804267023922,12.3382800608828,0.0371417608054066,0.2189081993906933,0.0,520,Full Control,Baseline,520.0,Baseline Full Control
310,2022,14,0,4,15,15,188.57721572019247,0.09437393834011398,24.2941400304414,0.894281530466927,2.533455628877183,,240,Partial Control,,,
311,2022,4,0,9,5,42,456.35629956947645,0.5527303953637003,31.489726027397257,1.417707260201166,3.259381047119996,71000.0,520,Full Control,Fabric - Passivhaus,71520.0,Fabric - Passivhaus Full Control
312,2023,5,0,9,15,30,1778.0796200830491,1.1325225844710416,13.131659056316591,0.0318824727693292,0.2059401250908944,28000.0,520,Full Control,System - ASHP,28520.0,System - ASHP Full Control
313,2023,5,0,4,10,42,1892.575519231616,1.198600471769803,29.254185692541856,0.9341002755106728,2.4747771351676864,28000.0,240,Partial Control,System - ASHP,28240.0,System - ASHP Partial Control
314,2022,4,0,4,10,30,501.5644160434273,0.652854865149621,25.80098934550989,0.8915505949315524,2.487150753504304,71000.0,240,Partial Control,Fabric - Passivhaus,71240.0,Fabric - Passivhaus Partial Control
315,2022,0,0,9,15,30,1424.324178669931,2.951908865402867,11.23097412480974,0.0433675718519042,0.2600165670250774,0.0,520,Full Control,Baseline,520.0,Baseline Full Control
316,2023,10,0,0,10,42,1473.184963894795,0.9391728061851928,30.913242009132414,1.3839085133709226,3.522249625835853,48000.0,0,Manual Control,System - ASHP+PV+Batt,48000.0,System - ASHP+PV+Batt Manual Control
317,2022,14,0,0,10,42,240.59645487601975,0.12003553011659536,29.379756468797563,0.5045554610738657,1.6107386793033434,,0,Manual Control,,,
318,2023,0,0,0,5,42,1149.5271415567538,3.9558122026759777,12.11187214611872,0.0044918965707845,0.0224017638866187,0.0,0,Manual Control,Baseline,0.0,Baseline Manual Control
319,2022,5,0,9,15,30,2502.477687616278,1.2611248380994653,11.459284627092844,0.0361612661110965,0.2379094952872463,28000.0,520,Full Control,System - ASHP,28520.0,System - ASHP Full Control
320,2023,10,0,9,10,15,1219.14854652609,0.7757310963240305,13.276255707762555,0.0297820387902886,0.1804454061982691,48000.0,520,Full Control,System - ASHP+PV+Batt,48520.0,System - ASHP+PV+Batt Full Control
321,2023,4,0,9,15,42,274.6278362487608,0.5369408926290927,33.525494672754945,1.399489318023038,3.258316557993148,71000.0,520,Full Control,Fabric - Passivhaus,71520.0,Fabric - Passivhaus Full Control
322,2022,10,0,4,10,15,2191.4104598471704,1.1038552749172703,18.49124809741248,0.5096191636344632,1.722182339100437,48000.0,240,Partial Control,System - ASHP+PV+Batt,48240.0,System - ASHP+PV+Batt Partial Control
323,2023,2,0,0,5,15,1255.5572188388674,4.419597035065581,0.0019025875190258,4.962133057010988e-07,0.0001137606205181,16000.0,0,Manual Control,Fabric - Shallow,16000.0,Fabric - Shallow Manual Control
324,2022,0,0,4,10,30,1589.021037149956,3.314738562290308,22.100456621004565,0.8058114730308203,2.2861222082008563,0.0,240,Partial Control,Baseline,240.0,Baseline Partial Control
325,2023,10,0,4,15,15,1464.7557302347318,0.9532052026035704,20.951293759512936,0.6077888189901711,1.9218203296471523,48000.0,240,Partial Control,System - ASHP+PV+Batt,48240.0,System - ASHP+PV+Batt Partial Control
326,2022,4,0,9,10,42,456.35629956947645,0.5527303953637003,31.489726027397257,1.417707260201166,3.259381047119996,71000.0,520,Full Control,Fabric - Passivhaus,71520.0,Fabric - Passivhaus Full Control
327,2023,2,0,4,5,30,838.7676523053619,2.901175643245136,10.566971080669711,0.06766508315554,0.3253623267289185,16000.0,240,Partial Control,Fabric - Shallow,16240.0,Fabric - Shallow Partial Control
328,2022,3,0,4,5,42,600.5982468188417,0.8375550603901423,29.98477929984779,0.3471234049175577,1.095888682206867,51000.0,240,Partial Control,Fabric - Deep,51240.0,Fabric - Deep Partial Control
329,2022,3,0,9,5,42,542.5037938108381,0.7261856664248787,25.09512937595129,0.7592987898313243,2.1364461455195296,51000.0,520,Full Control,Fabric - Deep,51520.0,Fabric - Deep Full Control
330,2023,14,0,0,5,42,200.9203366747146,0.1315776380930104,26.168188736681884,0.1332981870043569,0.4334147067246487,,0,Manual Control,,,
331,2022,3,0,4,10,30,598.0723079361571,0.8477377822137724,20.28919330289193,0.4593841452796514,1.601146055463591,51000.0,240,Partial Control,Fabric - Deep,51240.0,Fabric - Deep Partial Control
332,2023,1,0,0,10,42,950.3121980039832,3.2659136096035777,30.02853881278539,1.3472251524679792,3.468377416209252,3800.0,0,Manual Control,Fabric - Low cost,3800.0,Fabric - Low cost Manual Control
333,2023,10,0,9,10,30,1219.14854652609,0.7757310963240305,13.276255707762555,0.0297820387902886,0.1804454061982691,48000.0,520,Full Control,System - ASHP+PV+Batt,48520.0,System - ASHP+PV+Batt Full Control
334,2023,4,0,4,15,42,284.9578339656701,0.5700833592618143,35.67732115677321,1.1681186533829258,2.847697403377816,71000.0,240,Partial Control,Fabric - Passivhaus,71240.0,Fabric - Passivhaus Partial Control
335,2022,3,0,4,15,15,640.0250984897066,0.965787754860085,16.47640791476408,0.4392057349332959,1.7258223307049207,51000.0,240,Partial Control,Fabric - Deep,51240.0,Fabric - Deep Partial Control
336,2023,10,0,4,10,30,1419.0923070854917,0.8995149374927187,22.96232876712329,0.7790351000334942,2.205731570823202,48000.0,240,Partial Control,System - ASHP+PV+Batt,48240.0,System - ASHP+PV+Batt Partial Control
337,2022,14,0,0,10,30,274.639263540767,0.13662838323919238,13.283866057838662,0.2850638206126434,1.3895514262878452,,0,Manual Control,,,
338,2022,10,0,0,5,42,2319.73270565795,1.154652466366264,10.9265601217656,0.0062722029186788,0.0589083969488446,48000.0,0,Manual Control,System - ASHP+PV+Batt,48000.0,System - ASHP+PV+Batt Manual Control
339,2023,0,0,1,10,30,1057.7803384489055,3.6633793506743593,21.12062404870624,1.0650689641841034,2.9749218054490862,0.0,60,One Zone Controlled,Baseline,60.0,Baseline One Zone Controlled
340,2022,2,0,0,10,42,1289.9771439031808,2.688417055455418,28.27625570776256,1.1528018095936388,3.0508422971597007,16000.0,0,Manual Control,Fabric - Shallow,16000.0,Fabric - Shallow Manual Control
341,2023,3,0,9,10,15,325.10305664309874,0.7053262986897975,26.162480974124808,0.7683647787210143,2.1663479660135327,51000.0,520,Full Control,Fabric - Deep,51520.0,Fabric - Deep Full Control
342,2023,10,0,9,15,30,1219.14854652609,0.7757310963240305,13.276255707762555,0.0297820387902886,0.1804454061982691,48000.0,520,Full Control,System - ASHP+PV+Batt,48520.0,System - ASHP+PV+Batt Full Control
343,2023,3,0,9,15,15,325.10305664309874,0.7053262986897975,26.162480974124808,0.7683647787210143,2.1663479660135327,51000.0,520,Full Control,Fabric - Deep,51520.0,Fabric - Deep Full Control
344,2022,3,0,0,5,42,656.2840852339373,0.9435713499830258,33.94596651445966,0.1675041321449429,0.399603790752375,51000.0,0,Manual Control,Fabric - Deep,51000.0,Fabric - Deep Manual Control
345,2022,14,0,4,5,30,248.6211527001417,0.12080573950838762,19.76217656012177,0.4283864002841289,1.4824610567399454,,240,Partial Control,,,
346,2022,14,0,4,5,42,226.61639781860794,0.11039556609429604,29.124809741248097,0.5846324981896797,1.657220177363016,,240,Partial Control,,,
347,2022,4,0,9,15,30,456.35629956947645,0.5527303953637003,31.489726027397257,1.417707260201166,3.259381047119996,71000.0,520,Full Control,Fabric - Passivhaus,71520.0,Fabric - Passivhaus Full Control
348,2022,0,0,1,5,30,2001.275591952136,4.2102466019877065,0.9969558599695586,0.0016019163001972,0.0309668628185461,0.0,60,One Zone Controlled,Baseline,60.0,Baseline One Zone Controlled
349,2023,5,0,4,10,30,2010.80664698018,1.2702924401594513,22.69406392694064,0.7717987824569047,2.189461479475584,28000.0,240,Partial Control,System - ASHP,28240.0,System - ASHP Partial Control
350,2023,10,0,0,5,15,2287.865608940204,1.4467969838065686,0.0057077625570776,9.40787049532494e-06,0.0017188003123809,48000.0,0,Manual Control,System - ASHP+PV+Batt,48000.0,System - ASHP+PV+Batt Manual Control
351,2022,4,0,0,5,15,766.5850607082184,1.2379126670968532,1.0502283105022832,0.0173908614023919,0.2403424302587917,71000.0,0,Manual Control,Fabric - Passivhaus,71000.0,Fabric - Passivhaus Manual Control
352,2023,5,0,0,10,42,1959.7348088378048,1.22282886218769,31.5296803652968,1.3790936577436916,3.49500259785343,28000.0,0,Manual Control,System - ASHP,28000.0,System - ASHP Manual Control
353,2023,10,0,9,5,15,1219.14854652609,0.7757310963240305,13.276255707762555,0.0297820387902886,0.1804454061982691,48000.0,520,Full Control,System - ASHP+PV+Batt,48520.0,System - ASHP+PV+Batt Full Control
354,2022,14,0,4,10,30,197.39073373077616,0.09795751592278944,26.04071537290715,0.8322797348616329,2.3369762489584605,,240,Partial Control,,,
355,2022,4,0,4,5,15,609.5033125546536,0.904867196668002,15.390030441400304,0.3499155133629723,1.4087524199791488,71000.0,240,Partial Control,Fabric - Passivhaus,71240.0,Fabric - Passivhaus Partial Control
356,2023,4,0,0,15,42,308.4688970188499,0.6451112288189347,37.37062404870624,0.7318208146840164,1.9564032435103735,71000.0,0,Manual Control,Fabric - Passivhaus,71000.0,Fabric - Passivhaus Manual Control
357,2022,10,0,4,5,15,2444.690942158576,1.219402264371461,4.417808219178082,0.0103760332796208,0.1029051169624858,48000.0,240,Partial Control,System - ASHP+PV+Batt,48240.0,System - ASHP+PV+Batt Partial Control
358,2022,3,0,9,10,42,542.5037938108381,0.7261856664248787,25.09512937595129,0.7592987898313243,2.1364461455195296,51000.0,520,Full Control,Fabric - Deep,51520.0,Fabric - Deep Full Control
359,2022,1,0,9,10,15,1357.4447830778977,2.8185103733356867,14.866818873668189,0.0866912260086798,0.4130503253035807,3800.0,520,Full Control,Fabric - Low cost,4320.0,Fabric - Low cost Full Control
360,2023,0,0,4,5,30,1076.8061488063631,3.722399051113976,4.899162861491629,0.0092005691842014,0.0798763530481663,0.0,240,Partial Control,Baseline,240.0,Baseline Partial Control
361,2022,10,0,4,5,30,2105.266899568317,1.0482395639526532,4.807838660578387,0.0124456494989611,0.1115288885594003,48000.0,240,Partial Control,System - ASHP+PV+Batt,48240.0,System - ASHP+PV+Batt Partial Control
362,2022,14,0,4,10,15,202.562430779703,0.10085696216169583,23.3675799086758,0.7805197231954885,2.295954207283016,,240,Partial Control,,,
363,2022,3,0,4,15,42,560.0283022761348,0.7595295108271872,34.0144596651446,0.7307425571014646,2.0173299485398872,51000.0,240,Partial Control,Fabric - Deep,51240.0,Fabric - Deep Partial Control
364,2023,5,0,9,5,30,1778.0796200830491,1.1325225844710416,13.131659056316591,0.0318824727693292,0.2059401250908944,28000.0,520,Full Control,System - ASHP,28520.0,System - ASHP Full Control
365,2023,0,0,0,15,15,1315.4298682410254,4.633696253308773,16.562024353120243,0.6986912868726233,2.3367520947254534,0.0,0,Manual Control,Baseline,0.0,Baseline Manual Control
366,2023,5,0,9,10,30,1778.0796200830491,1.1325225844710416,13.131659056316591,0.0318824727693292,0.2059401250908944,28000.0,520,Full Control,System - ASHP,28520.0,System - ASHP Full Control
367,2022,1,0,4,15,15,1683.2916605751432,3.5409379037735644,21.248097412480973,0.6356180160335398,2.0164618702952795,3800.0,240,Partial Control,Fabric - Low cost,4040.0,Fabric - Low cost Partial Control
368,2023,4,0,9,15,30,274.6278362487608,0.5369408926290927,33.525494672754945,1.399489318023038,3.258316557993148,71000.0,520,Full Control,Fabric - Passivhaus,71520.0,Fabric - Passivhaus Full Control
369,2023,2,0,4,10,42,709.5792246839867,2.434261839085689,32.91286149162861,0.8934590442203473,2.2750589232604344,16000.0,240,Partial Control,Fabric - Shallow,16240.0,Fabric - Shallow Partial Control
370,2023,1,0,9,5,30,824.7464781527486,2.827183471637016,16.040715372907155,0.0774157366420219,0.3650598152729165,3800.0,520,Full Control,Fabric - Low cost,4320.0,Fabric - Low cost Full Control
371,2023,5,0,9,5,42,1778.0796200830491,1.1325225844710416,13.131659056316591,0.0318824727693292,0.2059401250908944,28000.0,520,Full Control,System - ASHP,28520.0,System - ASHP Full Control
372,2023,14,0,4,5,42,139.99272247894717,0.09138820593193224,31.839802130898025,0.5960324026060878,1.6286336182518115,,240,Partial Control,,,
373,2022,10,0,9,10,30,1645.1212636691998,0.815310919877461,12.201293759512938,0.0404786324133178,0.2422128096481471,48000.0,520,Full Control,System - ASHP+PV+Batt,48520.0,System - ASHP+PV+Batt Full Control
374,2022,1,0,0,10,42,1555.6409554899533,3.248123872345119,27.52092846270928,1.3428236436257082,3.4918814305701966,3800.0,0,Manual Control,Fabric - Low cost,3800.0,Fabric - Low cost Manual Control
375,2023,14,0,9,15,15,90.78400535650216,0.0591682811242529,33.90981735159818,1.3568531109226594,3.139687987881909,,520,Full Control,,,
376,2022,1,0,0,15,42,1497.6190012870377,3.1279300404270676,31.38508371385084,1.7176608801930628,4.071884722811185,3800.0,0,Manual Control,Fabric - Low cost,3800.0,Fabric - Low cost Manual Control
377,2023,3,0,9,10,30,325.10305664309874,0.7053262986897975,26.162480974124808,0.7683647787210143,2.1663479660135327,51000.0,520,Full Control,Fabric - Deep,51520.0,Fabric - Deep Full Control
378,2022,2,0,4,10,15,1429.24733807222,3.0078395178121573,20.12937595129376,0.4252744170023962,1.4955666649693504,16000.0,240,Partial Control,Fabric - Shallow,16240.0,Fabric - Shallow Partial Control
379,2023,1,0,9,10,15,824.7464781527486,2.827183471637016,16.040715372907155,0.0774157366420219,0.3650598152729165,3800.0,520,Full Control,Fabric - Low cost,4320.0,Fabric - Low cost Full Control
380,2023,10,0,9,5,42,1219.14854652609,0.7757310963240305,13.276255707762555,0.0297820387902886,0.1804454061982691,48000.0,520,Full Control,System - ASHP+PV+Batt,48520.0,System - ASHP+PV+Batt Full Control
381,2023,10,0,0,15,42,1262.567275206473,0.8332704147251615,34.885844748858446,1.7607347730847207,4.085607707724414,48000.0,0,Manual Control,System - ASHP+PV+Batt,48000.0,System - ASHP+PV+Batt Manual Control
382,2022,10,0,0,15,15,2238.9187767619705,1.1576808002028365,16.969178082191778,0.7611075607647162,2.6316606249040686,48000.0,0,Manual Control,System - ASHP+PV+Batt,48000.0,System - ASHP+PV+Batt Manual Control
383,2022,14,0,4,5,15,277.2677637967769,0.13447121571539167,16.095890410958905,0.3479841717323403,1.37204670188575,,240,Partial Control,,,
384,2022,0,0,1,15,42,1519.7731672917691,3.163407940407345,31.28805175038052,1.7043607638085436,4.03665129227088,0.0,60,One Zone Controlled,Baseline,60.0,Baseline One Zone Controlled
385,2023,5,0,0,15,30,1832.6075759673581,1.2166691318468215,25.376712328767127,1.3674523421387426,3.541530538717966,28000.0,0,Manual Control,System - ASHP,28000.0,System - ASHP Manual Control
386,2022,1,0,0,15,15,2066.584165025693,4.38561622557532,15.920852359208522,0.6653585872152578,2.317481918819999,3800.0,0,Manual Control,Fabric - Low cost,3800.0,Fabric - Low cost Manual Control
387,2023,4,0,4,10,15,325.0007476967518,0.726008036952321,23.36187214611872,0.8259732137135765,2.431022301460335,71000.0,240,Partial Control,Fabric - Passivhaus,71240.0,Fabric - Passivhaus Partial Control
388,2023,14,0,9,5,30,90.78400535650216,0.0591682811242529,33.90981735159818,1.3568531109226594,3.139687987881909,,520,Full Control,,,
389,2023,5,0,0,10,15,2487.2433020454328,1.5406493689559164,16.052130898021307,0.68562175702668,2.3621525089824686,28000.0,0,Manual Control,System - ASHP,28000.0,System - ASHP Manual Control
390,2023,4,0,9,10,42,274.6278362487608,0.5369408926290927,33.525494672754945,1.399489318023038,3.258316557993148,71000.0,520,Full Control,Fabric - Passivhaus,71520.0,Fabric - Passivhaus Full Control
391,2023,5,0,4,5,15,2456.2379091267353,1.5768470727232742,5.038051750380518,0.0104850026716488,0.1115593772034794,28000.0,240,Partial Control,System - ASHP,28240.0,System - ASHP Partial Control
392,2022,3,0,9,15,30,542.5037938108381,0.7261856664248787,25.09512937595129,0.7592987898313243,2.1364461455195296,51000.0,520,Full Control,Fabric - Deep,51520.0,Fabric - Deep Full Control
393,2023,0,0,4,10,30,968.0795107054593,3.3372220193457007,22.821537290715373,0.8059999968537052,2.27387283077346,0.0,240,Partial Control,Baseline,240.0,Baseline Partial Control
394,2023,14,0,0,15,42,136.986879361744,0.09272607517890244,31.299467275494678,0.5748181135081599,1.7010274079765009,,0,Manual Control,,,
395,2023,2,0,9,10,15,673.6820412490923,2.31278983823294,22.054794520547947,0.2048794898351153,0.7443444637835733,16000.0,520,Full Control,Fabric - Shallow,16520.0,Fabric - Shallow Full Control
396,2023,14,0,0,10,30,188.2849880946877,0.12197904455413466,13.257229832572298,0.2624720783490245,1.1264491635758904,,0,Manual Control,,,
397,2022,2,0,4,15,15,1391.61205492752,2.9306585557232148,20.941780821917806,0.5114892473841204,1.7612339223402325,16000.0,240,Partial Control,Fabric - Shallow,16240.0,Fabric - Shallow Partial Control
398,2023,2,0,0,15,30,848.295950080156,2.9447738837285367,22.33257229832572,0.995012860504887,2.753448135083673,16000.0,0,Manual Control,Fabric - Shallow,16000.0,Fabric - Shallow Manual Control
399,2023,3,0,4,15,30,354.94174114027135,0.8080840202463528,21.470700152207,0.5240440538390152,1.741116217149297,51000.0,240,Partial Control,Fabric - Deep,51240.0,Fabric - Deep Partial Control
400,2023,1,0,9,15,30,824.7464781527486,2.827183471637016,16.040715372907155,0.0774157366420219,0.3650598152729165,3800.0,520,Full Control,Fabric - Low cost,4320.0,Fabric - Low cost Full Control
401,2023,3,0,4,10,42,339.3125751252585,0.7497073441364237,35.12937595129376,0.6599424545864714,1.7280949586396228,51000.0,240,Partial Control,Fabric - Deep,51240.0,Fabric - Deep Partial Control
402,2023,5,0,9,15,42,1778.0796200830491,1.1325225844710416,13.131659056316591,0.0318824727693292,0.2059401250908944,28000.0,520,Full Control,System - ASHP,28520.0,System - ASHP Full Control
403,2023,1,0,9,10,42,824.7464781527486,2.827183471637016,16.040715372907155,0.0774157366420219,0.3650598152729165,3800.0,520,Full Control,Fabric - Low cost,4320.0,Fabric - Low cost Full Control
404,2023,1,0,0,5,42,1097.6910906601897,3.779191913095811,12.743531202435312,0.0048744416373502,0.0276633130684413,3800.0,0,Manual Control,Fabric - Low cost,3800.0,Fabric - Low cost Manual Control
405,2023,1,0,0,5,30,1238.561730054088,4.30168349480682,0.0361491628614916,0.0001998127173,0.0128432862365287,3800.0,0,Manual Control,Fabric - Low cost,3800.0,Fabric - Low cost Manual Control
406,2022,4,0,9,15,42,456.35629956947645,0.5527303953637003,31.489726027397257,1.417707260201166,3.259381047119996,71000.0,520,Full Control,Fabric - Passivhaus,71520.0,Fabric - Passivhaus Full Control
407,2022,3,0,0,5,42,656.2840852339373,0.9435713499830258,33.94596651445966,0.1675041321449429,0.399603790752375,51000.0,0,Manual Control,Fabric - Deep,51000.0,Fabric - Deep Manual Control
408,2023,0,0,0,5,30,1296.620885257179,4.500875171770734,0.0323439878234398,0.0001096934280283,0.0081386358125348,0.0,0,Manual Control,Baseline,0.0,Baseline Manual Control
409,2022,2,0,9,10,15,1113.747554307853,2.313644126761618,20.842846270928465,0.2165023828333393,0.7844079175542551,16000.0,520,Full Control,Fabric - Shallow,16520.0,Fabric - Shallow Full Control
410,2022,5,0,4,5,42,2854.5009331439887,1.442208350988815,12.094748858447488,0.0175110561107081,0.1327725414658185,28000.0,240,Partial Control,System - ASHP,28240.0,System - ASHP Partial Control
411,2022,4,0,4,15,15,517.3164938977509,0.7114524774634025,24.02777777777778,0.9568471330802156,2.694493446753992,71000.0,240,Partial Control,Fabric - Passivhaus,71240.0,Fabric - Passivhaus Partial Control
412,2022,10,0,9,15,30,1645.1212636691998,0.815310919877461,12.201293759512938,0.0404786324133178,0.2422128096481471,48000.0,520,Full Control,System - ASHP+PV+Batt,48520.0,System - ASHP+PV+Batt Full Control
413,2022,3,0,9,10,15,542.5037938108381,0.7261856664248787,25.09512937595129,0.7592987898313243,2.1364461455195296,51000.0,520,Full Control,Fabric - Deep,51520.0,Fabric - Deep Full Control
414,2023,4,0,0,15,15,388.25884008386697,0.9522990433473036,11.149162861491629,0.3443248301139551,1.475435558796756,71000.0,0,Manual Control,Fabric - Passivhaus,71000.0,Fabric - Passivhaus Manual Control
415,2023,2,0,9,15,15,673.6820412490923,2.31278983823294,22.054794520547947,0.2048794898351153,0.7443444637835733,16000.0,520,Full Control,Fabric - Shallow,16520.0,Fabric - Shallow Full Control
416,2023,3,0,0,10,15,500.17528454571357,1.325797284900231,3.6015981735159817,0.0552419809199746,0.4291539980955376,51000.0,0,Manual Control,Fabric - Deep,51000.0,Fabric - Deep Manual Control
417,2022,14,0,9,15,42,161.9266145924592,0.07983626945682257,31.974885844748854,1.3666098566281732,3.1313373171230023,,520,Full Control,,,
418,2022,2,0,0,5,42,1469.4094460101412,3.0695192123610457,12.83675799086758,0.0056839105182223,0.0446141480851085,16000.0,0,Manual Control,Fabric - Shallow,16000.0,Fabric - Shallow Manual Control
419,2023,5,0,0,5,15,2892.8581928570493,1.8701140002704977,0.0418569254185692,8.534908958127309e-05,0.0051648499457579,28000.0,0,Manual Control,System - ASHP,28000.0,System - ASHP Manual Control
420,2023,1,0,9,5,15,824.7464781527486,2.827183471637016,16.040715372907155,0.0774157366420219,0.3650598152729165,3800.0,520,Full Control,Fabric - Low cost,4320.0,Fabric - Low cost Full Control
421,2022,3,0,9,5,15,542.5037938108381,0.7261856664248787,25.09512937595129,0.7592987898313243,2.1364461455195296,51000.0,520,Full Control,Fabric - Deep,51520.0,Fabric - Deep Full Control
422,2022,0,0,0,15,42,1566.6829051340987,3.2676038811853845,30.8751902587519,1.7567184374031668,4.163632663333254,0.0,0,Manual Control,Baseline,0.0,Baseline Manual Control
423,2022,5,0,0,5,42,3020.5579720518185,1.5195662158742638,11.126331811263318,0.0138787255273575,0.1816277511800235,28000.0,0,Manual Control,System - ASHP,28000.0,System - ASHP Manual Control
424,2022,5,0,4,5,15,3531.6114035800406,1.776966448475756,4.299847792998477,0.0130029078832846,0.1406625495099278,28000.0,240,Partial Control,System - ASHP,28240.0,System - ASHP Partial Control
425,2023,1,0,0,5,15,1536.5460890043998,5.410271495973214,0.0019025875190258,5.964783252344117e-07,0.0001367471279481,3800.0,0,Manual Control,Fabric - Low cost,3800.0,Fabric - Low cost Manual Control
426,2022,0,0,9,10,30,1424.324178669931,2.951908865402867,11.23097412480974,0.0433675718519042,0.2600165670250774,0.0,520,Full Control,Baseline,520.0,Baseline Full Control
427,2023,2,0,4,10,15,865.7706153092698,3.0246078398378917,20.875190258751903,0.4194726486692441,1.447416987587372,16000.0,240,Partial Control,Fabric - Shallow,16240.0,Fabric - Shallow Partial Control
428,2023,4,0,9,5,42,274.6278362487608,0.5369408926290927,33.525494672754945,1.399489318023038,3.258316557993148,71000.0,520,Full Control,Fabric - Passivhaus,71520.0,Fabric - Passivhaus Full Control
429,2023,1,0,9,15,42,824.7464781527486,2.827183471637016,16.040715372907155,0.0774157366420219,0.3650598152729165,3800.0,520,Full Control,Fabric - Low cost,4320.0,Fabric - Low cost Full Control
430,2022,14,0,9,5,15,161.9266145924592,0.07983626945682257,31.974885844748854,1.3666098566281732,3.1313373171230023,,520,Full Control,,,
431,2022,0,0,1,10,30,1732.0722124798167,3.631525040661984,20.776255707762555,1.0677941098644956,2.999063120983706,0.0,60,One Zone Controlled,Baseline,60.0,Baseline One Zone Controlled
432,2022,2,0,9,15,42,1113.747554307853,2.313644126761618,20.842846270928465,0.2165023828333393,0.7844079175542551,16000.0,520,Full Control,Fabric - Shallow,16520.0,Fabric - Shallow Full Control
433,2023,14,0,4,5,30,160.0262775288508,0.10292987145684757,20.40525114155251,0.4188411846123933,1.3782331136501536,,240,Partial Control,,,
434,2023,5,0,4,15,15,2058.0992349076314,1.3608682536853058,20.783866057838654,0.6129117384348948,1.9379326713052445,28000.0,240,Partial Control,System - ASHP,28240.0,System - ASHP Partial Control
435,2022,4,0,0,10,42,524.6910603295498,0.6852182192063349,36.60578386605784,0.647042663418891,1.839800681708596,71000.0,0,Manual Control,Fabric - Passivhaus,71000.0,Fabric - Passivhaus Manual Control
436,2023,4,0,4,10,42,288.5453748633131,0.5816277254700774,35.74581430745815,1.0766707822781303,2.6137403655044302,71000.0,240,Partial Control,Fabric - Passivhaus,71240.0,Fabric - Passivhaus Partial Control
437,2023,0,0,9,15,15,864.6438924055233,2.9611804267023922,12.3382800608828,0.0371417608054066,0.2189081993906933,0.0,520,Full Control,Baseline,520.0,Baseline Full Control
438,2023,10,0,4,10,42,1324.825318666117,0.841966352888467,29.64421613394216,0.946792287342392,2.497129127295227,48000.0,240,Partial Control,System - ASHP+PV+Batt,48240.0,System - ASHP+PV+Batt Partial Control
439,2023,5,0,0,5,42,2107.8737823099973,1.3636766830123281,12.994672754946729,0.0119240862007991,0.1345037285578356,28000.0,0,Manual Control,System - ASHP,28000.0,System - ASHP Manual Control
440,2023,3,0,4,10,15,402.87316278497747,0.9901451023588796,14.84779299847793,0.3572461124809619,1.3607111878365308,51000.0,240,Partial Control,Fabric - Deep,51240.0,Fabric - Deep Partial Control
441,2022,1,0,4,5,30,1682.2684297941464,3.5304220545560048,6.464992389649924,0.0260018383551709,0.1745430490791438,3800.0,240,Partial Control,Fabric - Low cost,4040.0,Fabric - Low cost Partial Control
442,2023,10,0,9,5,30,1219.14854652609,0.7757310963240305,13.276255707762555,0.0297820387902886,0.1804454061982691,48000.0,520,Full Control,System - ASHP+PV+Batt,48520.0,System - ASHP+PV+Batt Full Control
443,2023,1,0,0,15,15,1258.0649309846779,4.436349464636371,16.303272450532724,0.6601237111971296,2.254752692777873,3800.0,0,Manual Control,Fabric - Low cost,3800.0,Fabric - Low cost Manual Control
444,2023,3,0,0,10,30,408.3944242370861,0.9848817595543602,12.36111111111111,0.1649531790006905,0.7486207466009897,51000.0,0,Manual Control,Fabric - Deep,51000.0,Fabric - Deep Manual Control
445,2023,1,0,4,5,42,953.4074299643268,3.2788351223394763,15.091324200913242,0.0292448793433218,0.1646077815317682,3800.0,240,Partial Control,Fabric - Low cost,4040.0,Fabric - Low cost Partial Control
446,2022,0,0,0,5,30,2116.7132550362267,4.454460830326962,0.0247336377473363,0.0001123786065059,0.0094274594782509,0.0,0,Manual Control,Baseline,0.0,Baseline Manual Control
447,2022,5,0,9,5,30,2502.477687616278,1.2611248380994653,11.459284627092844,0.0361612661110965,0.2379094952872463,28000.0,520,Full Control,System - ASHP,28520.0,System - ASHP Full Control
448,2023,14,0,0,5,30,246.602448721491,0.15878960138619302,2.1898782343987824,0.014031705607399,0.1512653837949955,,0,Manual Control,,,
449,2023,4,0,4,15,30,296.56439670140344,0.6139786633942308,27.69406392694064,1.001464688455174,2.7431987963875386,71000.0,240,Partial Control,Fabric - Passivhaus,71240.0,Fabric - Passivhaus Partial Control
450,2023,0,0,4,15,15,1070.8817393995384,3.734342755068727,20.858066971080667,0.641783791389816,1.9957966345421805,0.0,240,Partial Control,Baseline,240.0,Baseline Partial Control
451,2023,14,0,4,15,42,102.30858816654153,0.06777254898199271,35.12937595129376,1.085656685147545,2.6689458760700586,,240,Partial Control,,,
452,2022,4,0,0,10,15,653.4852047498782,1.017606992038785,8.926940639269407,0.2696214441718071,1.4849348075633166,71000.0,0,Manual Control,Fabric - Passivhaus,71000.0,Fabric - Passivhaus Manual Control
453,2022,4,0,0,15,42,512.7640878989191,0.6623241220418261,36.394596651445966,0.7362152467926595,2.090012205439003,71000.0,0,Manual Control,Fabric - Passivhaus,71000.0,Fabric - Passivhaus Manual Control
454,2022,4,0,0,5,42,572.91186241668,0.7748267647290786,31.149162861491632,0.1977904033110493,0.6314063480999973,71000.0,0,Manual Control,Fabric - Passivhaus,71000.0,Fabric - Passivhaus Manual Control
455,2022,0,0,4,10,15,1807.9590325123304,3.794485316524868,18.327625570776256,0.5315315610637622,1.7783216621253946,0.0,240,Partial Control,Baseline,240.0,Baseline Partial Control
