,sensors,room,equipment,comments,relevant
0,binary_sensor.bedroom_window_door.json,bedroom,window door,is this window or door?,yes
1,binary_sensor.dining_room_early_start.json,,,unsure,
2,binary_sensor.dining_room_link.json,,,unsure,
3,binary_sensor.dining_room_open_window.json,dining room,window,,yes
4,binary_sensor.dining_room_overlay.json,,,unsure,
5,binary_sensor.dining_room_power.json,,,is this if the dining room is consuming power?,maybe
6,binary_sensor.doorbell_debug_device.json,,,,
7,binary_sensor.doorbell_motion_detected.json,,,,
8,binary_sensor.doorbell_person_detected.json,,,,
9,binary_sensor.doorbell_ringing.json,,,,
10,binary_sensor.doorbell_snooze.json,,,,
11,binary_sensor.doorbell_snooze_homebase.json,,,,
12,binary_sensor.doorbell_snooze_motion.json,,,,
13,binary_sensor.dw_front_door_battery_low.json,,,unsure what dw is ,maybe
14,binary_sensor.dw_front_door_contact.json,,,unsure what dw is ,maybe
15,binary_sensor.dw_front_door_tamper.json,,,unsure what dw is ,maybe
16,binary_sensor.dw_lounge_sliding_door_battery_low.json,,,unsure what dw is ,maybe
17,binary_sensor.dw_lounge_sliding_door_contact.json,,,unsure what dw is ,maybe
18,binary_sensor.dw_lounge_sliding_door_tamper.json,,,,
19,binary_sensor.front_all_occupancy.json,,,,
20,binary_sensor.front_car_occupancy.json,,,,
21,binary_sensor.front_motion.json,,,,
22,binary_sensor.front_person_occupancy.json,,,,
23,binary_sensor.frontdoor_light_entrance_switch.json,,,,
24,binary_sensor.frontpatch_all_occupancy.json,,,,
25,binary_sensor.frontpatch_motion.json,,,,
26,binary_sensor.frontpatch_person_occupancy.json,,,,
27,binary_sensor.garden_all_occupancy.json,,,,
28,binary_sensor.garden_motion.json,,,,
29,binary_sensor.garden_person_occupancy.json,,,,
30,binary_sensor.gosund100_button.json,,,,
31,binary_sensor.gosund100_server_status.json,,,,
32,binary_sensor.gosund703_button.json,,,,
33,binary_sensor.gosund703_server_status.json,,,,
34,binary_sensor.gosundx_button.json,,,,
35,binary_sensor.gosundx_server_status.json,,,,
36,binary_sensor.hot_water_link.json,,,,
37,binary_sensor.hot_water_overlay.json,,,,
38,binary_sensor.hot_water_power.json,,,,
39,binary_sensor.iains_roku_headphones_connected.json,,,,
40,binary_sensor.iains_roku_supports_airplay.json,,,,
41,binary_sensor.iains_roku_supports_ethernet.json,,,,
42,binary_sensor.iains_roku_supports_find_remote.json,,,,
43,binary_sensor.iains_room_early_start.json,,,,
44,binary_sensor.iains_room_link.json,,,,
45,binary_sensor.iains_room_open_window.json,,,,
46,binary_sensor.iains_room_overlay.json,,,,
47,binary_sensor.iains_room_power.json,,,,
48,binary_sensor.kitchenpir_pir_sensor.json,kitchen,pir,occupancy proxy,yes
49,binary_sensor.lounge_early_start.json,,,,
50,binary_sensor.lounge_link.json,,,,
51,binary_sensor.lounge_open_window.json,lounge,window,scheduling,
52,binary_sensor.lounge_overlay.json,,,,
53,binary_sensor.lounge_power.json,,,,
54,binary_sensor.master_bedroom_early_start.json,,,,
55,binary_sensor.master_bedroom_link.json,,,,
56,binary_sensor.master_bedroom_open_window.json,,,,
57,binary_sensor.master_bedroom_overlay.json,,,,
58,binary_sensor.master_bedroom_power.json,,,,
59,binary_sensor.parking_all_occupancy.json,,,,
60,binary_sensor.parking_motion.json,,,,
61,binary_sensor.parking_person_occupancy.json,,,,
62,binary_sensor.pir_2_kitchen_occupancy.json,kitchen,pir,occupancy proxy,yes
63,binary_sensor.pir_entrance_battery_low.json,,,,
64,binary_sensor.pir_entrance_occupancy.json,,,,
65,binary_sensor.pir_entrance_tamper.json,,,,
66,binary_sensor.pir_kitchen_battery_low.json,,,,
67,binary_sensor.pir_kitchen_occupancy.json,,,,
68,binary_sensor.pir_kitchen_tamper.json,,,,
69,binary_sensor.plumerai_face.json,,,,
70,binary_sensor.plumerai_knownface.json,,,,
71,binary_sensor.plumerai_person.json,,,,
72,binary_sensor.plumerai_person1.json,,,,
73,binary_sensor.plumerai_person2.json,,,,
74,binary_sensor.plumerai_person3.json,,,,
75,binary_sensor.plumerai_person4.json,,,,
76,binary_sensor.plumerai_person5.json,,,,
77,binary_sensor.presence_sensor_fp2_77e2_presence_sensor_1.json,,,may be an accuate occupancy sensor?,yes
78,binary_sensor.presence_sensor_fp2_77e2_presence_sensor_2.json,,,,
79,binary_sensor.presence_sensor_fp2_77e2_presence_sensor_3.json,,,,
80,binary_sensor.presence_sensor_fp2_77e2_presence_sensor_4.json,,,,
81,binary_sensor.presence_sensor_fp2_77e2_presence_sensor_5.json,,,,
82,binary_sensor.presence_sensor_fp2_77e2_presence_sensor_6.json,,,,
83,binary_sensor.presence_sensor_fp2_77e2_presence_sensor_7.json,,,,
84,binary_sensor.presence_sensor_fp2_77e2_presence_sensor_8.json,,,,
85,binary_sensor.shoffice_heater_button.json,shed/office,,,
86,binary_sensor.shoffice_heater_server_status.json,,,,
87,binary_sensor.shoffice_light_button.json,,,,
88,binary_sensor.shoffice_light_server_status.json,,,,
89,binary_sensor.shofficepcplug_button.json,,,,
90,binary_sensor.shofficepcplug_server_status.json,,,,
91,binary_sensor.shofficepir_pir_sensor.json,,,,
92,binary_sensor.sonoff_s26_1_button.json,,smart socket,,
93,binary_sensor.sonoff_s26_1_status.json,,,,
94,binary_sensor.sonoffpow_r2_001_sonoff_pow_r2_active.json,,,,
95,binary_sensor.spotlight_button.json,,,,
96,binary_sensor.studypcplug_button.json,,,equipment draw,yes
97,binary_sensor.studypcplug_server_status.json,,,,
98,binary_sensor.t8020p11222530d6_alarm.json,,,,
99,binary_sensor.t8020p11222530d6_debug_station.json,,,,
100,binary_sensor.trv_downstairs_loo_battery_low.json,,thermostatic radiator valve,,
101,binary_sensor.trv_entrance_battery_low.json,,thermostatic radiator valve,,
102,binary_sensor.trv_master_onsuite_battery_low.json,,thermostatic radiator valve,,
103,binary_sensor.trv_study_battery_low.json,,thermostatic radiator valve,,
104,binary_sensor.unnamed_room_microphone.json,,,,
105,binary_sensor.water_detect.json,,,,
106,binary_sensor.zigbee2mqtt_bridge_connection_state.json,,,,
107,binary_sensor.zone_0_all_occupancy.json,,,whats does all info provide,
108,binary_sensor.zone_0_car_occupancy.json,,,,
109,binary_sensor.zone_0_person_occupancy.json,,,,
110,binary_sensor.zone_1_all_occupancy.json,,,,
111,binary_sensor.zone_1_car_occupancy.json,,,,
112,binary_sensor.zone_1_person_occupancy.json,,,,
113,button.presence_sensor_fp2_77e2_identify.json,,,,
114,sensor.bedroom_window_battery.json,,,,
115,sensor.co2.json,,,,yes
116,sensor.current.json,,,whats this,
117,sensor.dining_room_heating.json,,,,
118,sensor.dining_room_humidity.json,,,,
119,sensor.dining_room_tado_mode.json,,,,
120,sensor.dining_room_temperature.json,,,,yes
121,sensor.disk_use_percent_media_frigate.json,,,,
122,sensor.doorbell_battery_percentage.json,,,,
123,sensor.doorbell_battery_temperature.json,,,,
124,sensor.doorbell_charging_status.json,,,,
125,sensor.doorbell_days_since_last_charging.json,,,,
126,sensor.doorbell_person_name.json,,,,
127,sensor.doorbell_snooze_start_time.json,,,,
128,sensor.doorbell_snooze_time.json,,,,
129,sensor.doorbell_stream_provider.json,,,,
130,sensor.doorbell_stream_status.json,,,,
131,sensor.doorbell_stream_url.json,,,,
132,sensor.doorbell_video_codec.json,,,,
133,sensor.doorbell_video_queue_size.json,,,,
134,sensor.doorbell_wifi_rssi.json,,,,
135,sensor.doorbell_wifi_signal_level.json,,,,
136,sensor.downstairs_loo_temp_battery.json,,,,
137,sensor.downstairs_loo_temp_humidity.json,,,,
138,sensor.downstairs_loo_temp_temperature.json,,,,yes
139,sensor.dw_front_door_battery.json,,,,
140,sensor.dw_lounge_sliding_door_battery.json,,,,
141,sensor.fibaro_outlet_energy_meter.json,,,,
142,sensor.fibaro_outlet_power_meter.json,,,,
143,sensor.freezer_plug_energy_meter.json,,,,
144,sensor.freezer_plug_power_meter.json,,,,
145,sensor.front_all_count.json,,,,
146,sensor.front_car_count.json,,,,
147,sensor.front_person_count.json,,,,
148,sensor.frontpatch_all_count.json,,,,
149,sensor.frontpatch_person_count.json,,,,
150,sensor.garden_all_count.json,,,,
151,sensor.garden_person_count.json,,,,
152,sensor.gosund100_activity_state.json,,,,
153,sensor.gosund100_current.json,,,,
154,sensor.gosund100_daily_energy.json,,,,
155,sensor.gosund100_power.json,,,,
156,sensor.gosund100_voltage.json,,,,
157,sensor.gosund100_wifi_status.json,,,,
158,sensor.gosund703_activity_state.json,,,,
159,sensor.gosund703_current.json,,,,
160,sensor.gosund703_daily_energy.json,,,,
161,sensor.gosund703_power.json,,,,
162,sensor.gosund703_voltage.json,,,,
163,sensor.gosund703_wifi_status.json,,,,
164,sensor.gosundx_activity_state.json,,,,
165,sensor.gosundx_current.json,,,,
166,sensor.gosundx_daily_energy.json,,,,
167,sensor.gosundx_power.json,,,,
168,sensor.gosundx_voltage.json,,,,
169,sensor.gosundx_wifi_status.json,,,,
170,sensor.grid_1.json,,,,
171,sensor.grid_2.json,,,,
172,sensor.grid_kwh_1.json,,,,
173,sensor.grid_kwh_2.json,,,,
174,sensor.hacs.json,,,,
175,sensor.haydens_room_button_action.json,,,,
176,sensor.haydens_room_button_battery.json,,,,
177,sensor.home_automatic_geofencing.json,,,,
178,sensor.home_geofencing_mode.json,,,,
179,sensor.home_outdoor_temperature.json,,,,
180,sensor.home_solar_percentage.json,,,,
181,sensor.home_tado_mode.json,,,,
182,sensor.home_weather_condition.json,,,,
183,sensor.hot_water_tado_mode.json,,,,
184,sensor.humidity.json,,,which room?,
185,sensor.humidity_2.json,,,,
186,sensor.hutchtemp_temperature.json,,,,
187,sensor.iains_roku_active_app.json,,,,
188,sensor.iains_roku_active_app_id.json,,,,
189,sensor.iains_room_heating.json,,,,
190,sensor.iains_room_humidity.json,,,,
191,sensor.iains_room_tado_mode.json,,,,
192,sensor.iains_room_temperature.json,,,,
193,sensor.kitchen_temperature_battery.json,,,,
194,sensor.kitchen_temperature_relative_humidity_measurement.json,,,,
195,sensor.kitchen_temperature_temperature_measurement.json,,,,
196,sensor.kitchenpir_light_level.json,,,,
197,sensor.kitchenpir_lihjt_level.json,,,,
198,sensor.light_1st_floor_landing_color_options.json,,,,
199,sensor.light_2nd_floor_landing_color_options.json,,,,
200,sensor.light_dining_room_color_options.json,,,,
201,sensor.light_entrance_color_options.json,,,,
202,sensor.light_hayden_color_options.json,,,,
203,sensor.light_iain_color_options.json,,,,
204,sensor.light_lounge_color_options.json,,,,
205,sensor.light_master_bedroom_color_options.json,,,,
206,sensor.light_study_color_options.json,,,,
207,sensor.lounge_heating.json,,,,
208,sensor.lounge_humidity.json,,,,
209,sensor.lounge_room_temperature.json,,,,
210,sensor.lounge_tado_mode.json,,,,
211,sensor.lounge_temperature.json,,,,
212,sensor.loungetemp_wifi_signal.json,,,,
213,sensor.master_bedroom_heating.json,,,,
214,sensor.master_bedroom_humidity.json,,,,
215,sensor.master_bedroom_tado_mode.json,,,,
216,sensor.master_bedroom_temperature.json,,,,
217,sensor.master_media_playback_status.json,,,,
218,sensor.master_volume.json,,,,
219,sensor.national_grid_current_carbon_intensity.json,,,,
220,sensor.national_grid_dfs_requirements.json,,,,
221,sensor.national_grid_embedded_solar_forecast_fourteen_day.json,,,,
222,sensor.national_grid_embedded_solar_forecast_three_day.json,,,,
223,sensor.national_grid_embedded_wind_forecast_fourteen_day.json,,,,
224,sensor.national_grid_embedded_wind_forecast_three_day.json,,,,
225,sensor.national_grid_grid_demand_day_ahead_forecast.json,,,,
226,sensor.national_grid_grid_demand_fourteen_day_forecast.json,,,,
227,sensor.national_grid_grid_demand_three_day_forecast.json,,,,
228,sensor.national_grid_grid_generation.json,,,,
229,sensor.national_grid_grid_generation_belgium_mwh.json,,,,
230,sensor.national_grid_grid_generation_biomass_mwh.json,,,,
231,sensor.national_grid_grid_generation_coal_mwh.json,,,,
232,sensor.national_grid_grid_generation_denmark_mw.json,,,,
233,sensor.national_grid_grid_generation_embedded_wind_mwh.json,,,,
234,sensor.national_grid_grid_generation_fossil_fuel_percentage.json,,,,
235,sensor.national_grid_grid_generation_france_mwh.json,,,,
236,sensor.national_grid_grid_generation_gas_mwh.json,,,,
237,sensor.national_grid_grid_generation_hydro_mwh.json,,,,
238,sensor.national_grid_grid_generation_ireland_mwh.json,,,,
239,sensor.national_grid_grid_generation_low_carbon_percentage.json,,,,
240,sensor.national_grid_grid_generation_low_carbon_with_biomass_percentage.json,,,,
241,sensor.national_grid_grid_generation_national_wind_mwh.json,,,,
242,sensor.national_grid_grid_generation_netherlands_mwh.json,,,,
243,sensor.national_grid_grid_generation_norway_mwh.json,,,,
244,sensor.national_grid_grid_generation_nuclear_mwh.json,,,,
245,sensor.national_grid_grid_generation_oil_mwh.json,,,,
246,sensor.national_grid_grid_generation_other_mwh.json,,,,
247,sensor.national_grid_grid_generation_other_percentage.json,,,,
248,sensor.national_grid_grid_generation_pumped_storage_mwh.json,,,,
249,sensor.national_grid_grid_generation_renewable_percentage.json,,,,
250,sensor.national_grid_grid_generation_solar_mwh.json,,,,
251,sensor.national_grid_grid_generation_total_mwh.json,,,,
252,sensor.national_grid_grid_generation_wind_mwh.json,,,,
253,sensor.national_grid_today_wind_peak.json,,,,
254,sensor.national_grid_today_wind_peak_time.json,,,,
255,sensor.national_grid_tomorrow_wind_peak.json,,,,
256,sensor.national_grid_tomorrow_wind_peak_time.json,,,,
257,sensor.national_grid_total_demand_mwh.json,,,,
258,sensor.national_grid_total_transfers_mwh.json,,,,
259,sensor.national_grid_wind_forecast.json,,,,
260,sensor.national_grid_wind_forecast_earliest.json,,,,
261,sensor.national_grid_wind_forecast_fourteen_day.json,,,,
262,sensor.national_grid_wind_forecast_now_to_three_day.json,,,,
263,sensor.outdoorsensor_wifi_signal.json,,,,
264,sensor.parking_all_count.json,,,,
265,sensor.parking_person_count.json,,,,
266,sensor.particulate_matter_2_5um_concentration.json,,,,
267,sensor.pir_2_kitchen_battery.json,,,,
268,sensor.pir_2_kitchen_illuminance.json,,,,
269,sensor.pir_entrance_battery.json,,,,
270,sensor.pir_kitchen_battery.json,,,,
271,sensor.presence_sensor_fp2_77e2_light_sensor_light_level.json,,,,
272,sensor.shoffice_heater_activity_state.json,,,,
273,sensor.shoffice_heater_current.json,,,,
274,sensor.shoffice_heater_daily_energy.json,,,,
275,sensor.shoffice_heater_power.json,,,,
276,sensor.shoffice_heater_voltage.json,,,,
277,sensor.shoffice_heater_wifi_status.json,,,,
278,sensor.shoffice_light_activity_state.json,,,,
279,sensor.shoffice_light_current.json,,,,
280,sensor.shoffice_light_daily_energy.json,,,,
281,sensor.shoffice_light_power.json,,,,
282,sensor.shoffice_light_voltage.json,,,,
283,sensor.shoffice_light_wifi_status.json,,,,
284,sensor.shofficepcplug_activity_state.json,,,,
285,sensor.shofficepcplug_current.json,,,,
286,sensor.shofficepcplug_daily_energy.json,,,,
287,sensor.shofficepcplug_power.json,,,,
288,sensor.shofficepcplug_voltage.json,,,,
289,sensor.shofficepcplug_wifi_status.json,,,,
290,sensor.smarttag_alarm.json,,,,
291,sensor.smarttag_alarm_2.json,,,,
292,sensor.smarttag_battery.json,,,,
293,sensor.smarttag_battery_2.json,,,,
294,sensor.smarttag_volume.json,,,,
295,sensor.smarttag_volume_2.json,,,,
296,sensor.sonoffpow_r2_001_sonoff_pow_current.json,,,,
297,sensor.sonoffpow_r2_001_sonoff_pow_power.json,,,,
298,sensor.sonoffpow_r2_001_sonoff_pow_uptime.json,,,,
299,sensor.sonoffpow_r2_001_sonoff_pow_version.json,,,,
300,sensor.sonoffpow_r2_001_sonoff_pow_voltage.json,,,,
301,sensor.sonoffpow_r2_001_sonoff_pow_wifi_signl.json,,,,
302,sensor.spotlight_wifi_signal.json,,,,
303,sensor.studypcplug_activity_state.json,,,,
304,sensor.studypcplug_current.json,,,,
305,sensor.studypcplug_daily_energy.json,,,,
306,sensor.studypcplug_power.json,,,,
307,sensor.studypcplug_voltage.json,,,,
308,sensor.studypcplug_wifi_status.json,,,,
309,sensor.switch_1st_floor_landing_2_button_up_action.json,,,,
310,sensor.switch_1st_floor_landing_2_button_up_battery.json,,,,
311,sensor.switch_1st_floor_landing_action.json,,,,
312,sensor.switch_1st_floor_landing_battery.json,,,,
313,sensor.switch_2nd_floor_landing_2_button_action.json,,,,
314,sensor.switch_2nd_floor_landing_2_button_battery.json,,,,
315,sensor.switch_dining_room_4_button_action.json,,,,
316,sensor.switch_dining_room_4_button_battery.json,,,,
317,sensor.switch_entrance_2_button_action.json,,,,
318,sensor.switch_entrance_2_button_battery.json,,,,
319,sensor.switch_iain_room_action.json,,,,
320,sensor.switch_iain_room_battery.json,,,,
321,sensor.switch_master_bedroom_4_button_r_action.json,,,,
322,sensor.switch_master_bedroom_4_button_r_battery.json,,,,
323,sensor.switch_master_bedroom_4_button_t_action.json,,,,
324,sensor.switch_master_bedroom_4_button_t_battery.json,,,,
325,sensor.switch_master_bedroom_action.json,,,,
326,sensor.switch_master_bedroom_battery.json,,,,
327,sensor.switch_master_bedside_r_action.json,,,,
328,sensor.switch_master_bedside_r_battery.json,,,,
329,sensor.switch_master_bedside_t_action.json,,,,
330,sensor.switch_master_bedside_t_battery.json,,,,
331,sensor.switch_stairwell_entrance_2_button_action.json,,,,
332,sensor.switch_stairwell_entrance_2_button_battery.json,,,,
333,sensor.t8020p11222530d6_current_mode.json,,,,
334,sensor.tb300fu_battery_level.json,,,,
335,sensor.tb300fu_battery_state.json,,,,
336,sensor.tb300fu_charger_type.json,,,,
337,sensor.temp_master_bedroom_battery.json,,,,
338,sensor.temp_master_bedroom_humidity.json,,,,
339,sensor.temp_master_bedroom_temperature.json,,,,
340,sensor.temperature.json,,,,
341,sensor.temperature_2.json,,,,
342,sensor.temperature_3.json,,,,
343,sensor.trv_downstairs_loo_error_status.json,,,,
344,sensor.trv_downstairs_loo_schedule_friday.json,,,,
345,sensor.trv_downstairs_loo_schedule_monday.json,,,,
346,sensor.trv_downstairs_loo_schedule_saturday.json,,,,
347,sensor.trv_downstairs_loo_schedule_sunday.json,,,,
348,sensor.trv_downstairs_loo_schedule_thursday.json,,,,
349,sensor.trv_downstairs_loo_schedule_tuesday.json,,,,
350,sensor.trv_downstairs_loo_schedule_wednesday.json,,,,
351,sensor.trv_entrance_error_status.json,,,,
352,sensor.trv_entrance_schedule_friday.json,,,,
353,sensor.trv_entrance_schedule_monday.json,,,,
354,sensor.trv_entrance_schedule_saturday.json,,,,
355,sensor.trv_entrance_schedule_sunday.json,,,,
356,sensor.trv_entrance_schedule_thursday.json,,,,
357,sensor.trv_entrance_schedule_tuesday.json,,,,
358,sensor.trv_entrance_schedule_wednesday.json,,,,
359,sensor.trv_master_onsuite_error_status.json,,,,
360,sensor.trv_master_onsuite_schedule_friday.json,,,,
361,sensor.trv_master_onsuite_schedule_monday.json,,,,
362,sensor.trv_master_onsuite_schedule_saturday.json,,,,
363,sensor.trv_master_onsuite_schedule_sunday.json,,,,
364,sensor.trv_master_onsuite_schedule_thursday.json,,,,
365,sensor.trv_master_onsuite_schedule_tuesday.json,,,,
366,sensor.trv_master_onsuite_schedule_wednesday.json,,,,
367,sensor.trv_study_error_status.json,,,,
368,sensor.tvcluster_lounge_wifi_signal.json,,,,
369,sensor.water_detector_voltage.json,,,,
370,sensor.wyze_cam_camera1_audio.json,,,,
371,sensor.wyze_cam_camera1_signal.json,,,,
372,sensor.wyze_cam_catcam_res.json,,,,
373,sensor.zigbee2mqtt_bridge_permit_join_timeout.json,,,,
374,sensor.zigbee2mqtt_bridge_version.json,,,,
375,sensor.zone_0_all_count.json,,,,
376,sensor.zone_0_car_count.json,,,,
377,sensor.zone_0_person_count.json,,,,
378,sensor.zone_1_all_count.json,,,,
379,sensor.zone_1_car_count.json,,,,
380,sensor.zone_1_person_count.json,,,,
381,sensors.txt,,,,