2021-10-01 00:00:00+00:00,00:00,A,Eastern_England,9.17
2021-10-02 00:00:00+00:00,00:00,A,Eastern_England,8.06
2021-10-03 00:00:00+00:00,00:00,A,Eastern_England,8.06
2021-10-04 00:00:00+00:00,00:00,A,Eastern_England,8.25
2021-10-05 00:00:00+00:00,00:00,A,Eastern_England,9.19
2021-10-06 00:00:00+00:00,00:00,A,Eastern_England,11.52
2021-10-07 00:00:00+00:00,00:00,A,Eastern_England,10.0
2021-10-08 00:00:00+00:00,00:00,A,Eastern_England,9.63
2021-10-09 00:00:00+00:00,00:00,A,Eastern_England,8.21
2021-10-10 00:00:00+00:00,00:00,A,Eastern_England,8.21
2021-10-11 00:00:00+00:00,00:00,A,Eastern_England,8.27
2021-10-12 00:00:00+00:00,00:00,A,Eastern_England,8.91
2021-10-13 00:00:00+00:00,00:00,A,Eastern_England,9.09
2021-10-14 00:00:00+00:00,00:00,A,Eastern_England,9.35
2021-10-15 00:00:00+00:00,00:00,A,Eastern_England,10.19
2021-10-16 00:00:00+00:00,00:00,A,Eastern_England,8.7
2021-10-17 00:00:00+00:00,00:00,A,Eastern_England,8.7
2021-10-18 00:00:00+00:00,00:00,A,Eastern_England,8.86
2021-10-19 00:00:00+00:00,00:00,A,Eastern_England,8.99
2021-10-20 00:00:00+00:00,00:00,A,Eastern_England,8.7
2021-10-21 00:00:00+00:00,00:00,A,Eastern_England,9.08
2021-10-22 00:00:00+00:00,00:00,A,Eastern_England,9.31
2021-10-23 00:00:00+00:00,00:00,A,Eastern_England,8.94
2021-10-24 00:00:00+00:00,00:00,A,Eastern_England,8.94
2021-10-25 00:00:00+00:00,00:00,A,Eastern_England,9.01
2021-10-26 00:00:00+00:00,00:00,A,Eastern_England,9.05
2021-10-27 00:00:00+00:00,00:00,A,Eastern_England,9.12
2021-10-28 00:00:00+00:00,00:00,A,Eastern_England,8.87
2021-10-29 00:00:00+00:00,00:00,A,Eastern_England,7.98
2021-10-30 00:00:00+00:00,00:00,A,Eastern_England,6.43
2021-10-31 00:00:00+00:00,00:00,A,Eastern_England,6.43
2021-11-01 00:00:00+00:00,00:00,A,Eastern_England,6.47
2021-11-02 00:00:00+00:00,00:00,A,Eastern_England,7.06
2021-11-03 00:00:00+00:00,00:00,A,Eastern_England,7.57
2021-11-04 00:00:00+00:00,00:00,A,Eastern_England,8.33
2021-11-05 00:00:00+00:00,00:00,A,Eastern_England,7.95
2021-11-06 00:00:00+00:00,00:00,A,Eastern_England,7.91
2021-11-07 00:00:00+00:00,00:00,A,Eastern_England,7.91
2021-11-08 00:00:00+00:00,00:00,A,Eastern_England,8.02
2021-11-09 00:00:00+00:00,00:00,A,Eastern_England,8.21
2021-11-10 00:00:00+00:00,00:00,A,Eastern_England,7.6
2021-11-11 00:00:00+00:00,00:00,A,Eastern_England,7.27
2021-11-12 00:00:00+00:00,00:00,A,Eastern_England,7.83
2021-11-13 00:00:00+00:00,00:00,A,Eastern_England,7.83
2021-11-14 00:00:00+00:00,00:00,A,Eastern_England,7.83
2021-11-15 00:00:00+00:00,00:00,A,Eastern_England,8.02
2021-11-16 00:00:00+00:00,00:00,A,Eastern_England,8.86
2021-11-17 00:00:00+00:00,00:00,A,Eastern_England,9.72
2021-11-18 00:00:00+00:00,00:00,A,Eastern_England,9.92
2021-11-19 00:00:00+00:00,00:00,A,Eastern_England,9.66
2021-11-20 00:00:00+00:00,00:00,A,Eastern_England,9.12
2021-11-21 00:00:00+00:00,00:00,A,Eastern_England,9.12
2021-11-22 00:00:00+00:00,00:00,A,Eastern_England,9.31
2021-11-23 00:00:00+00:00,00:00,A,Eastern_England,9.2
2021-11-24 00:00:00+00:00,00:00,A,Eastern_England,9.68
2021-11-25 00:00:00+00:00,00:00,A,Eastern_England,10.07
2021-11-26 00:00:00+00:00,00:00,A,Eastern_England,9.92
2021-11-27 00:00:00+00:00,00:00,A,Eastern_England,9.43
2021-11-28 00:00:00+00:00,00:00,A,Eastern_England,9.43
2021-11-29 00:00:00+00:00,00:00,A,Eastern_England,9.36
2021-11-30 00:00:00+00:00,00:00,A,Eastern_England,10.06
2021-12-01 00:00:00+00:00,00:00,A,Eastern_England,9.88
2021-12-02 00:00:00+00:00,00:00,A,Eastern_England,10.42
2021-12-03 00:00:00+00:00,00:00,A,Eastern_England,10.04
2021-12-04 00:00:00+00:00,00:00,A,Eastern_England,9.73
2021-12-05 00:00:00+00:00,00:00,A,Eastern_England,9.73
2021-12-06 00:00:00+00:00,00:00,A,Eastern_England,9.77
2021-12-07 00:00:00+00:00,00:00,A,Eastern_England,9.77
2021-12-08 00:00:00+00:00,00:00,A,Eastern_England,10.32
2021-12-09 00:00:00+00:00,00:00,A,Eastern_England,11.15
2021-12-10 00:00:00+00:00,00:00,A,Eastern_England,10.68
2021-12-11 00:00:00+00:00,00:00,A,Eastern_England,11.25
2021-12-12 00:00:00+00:00,00:00,A,Eastern_England,11.25
2021-12-13 00:00:00+00:00,00:00,A,Eastern_England,11.14
2021-12-14 00:00:00+00:00,00:00,A,Eastern_England,12.2
2021-12-15 00:00:00+00:00,00:00,A,Eastern_England,13.07
2021-12-16 00:00:00+00:00,00:00,A,Eastern_England,13.22
2021-12-17 00:00:00+00:00,00:00,A,Eastern_England,13.87
2021-12-18 00:00:00+00:00,00:00,A,Eastern_England,13.93
2021-12-19 00:00:00+00:00,00:00,A,Eastern_England,13.93
2021-12-20 00:00:00+00:00,00:00,A,Eastern_England,14.06
2021-12-21 00:00:00+00:00,00:00,A,Eastern_England,15.5
2021-12-22 00:00:00+00:00,00:00,A,Eastern_England,18.46
2021-12-23 00:00:00+00:00,00:00,A,Eastern_England,17.44
2021-12-24 00:00:00+00:00,00:00,A,Eastern_England,14.48
2021-12-25 00:00:00+00:00,00:00,A,Eastern_England,9.62
2021-12-26 00:00:00+00:00,00:00,A,Eastern_England,9.62
2021-12-27 00:00:00+00:00,00:00,A,Eastern_England,9.62
2021-12-28 00:00:00+00:00,00:00,A,Eastern_England,9.62
2021-12-29 00:00:00+00:00,00:00,A,Eastern_England,9.33
2021-12-30 00:00:00+00:00,00:00,A,Eastern_England,9.08
2021-12-31 00:00:00+00:00,00:00,A,Eastern_England,7.73
2022-01-01 00:00:00+00:00,00:00,A,Eastern_England,6.43
2022-01-02 00:00:00+00:00,00:00,A,Eastern_England,6.43
2022-01-03 00:00:00+00:00,00:00,A,Eastern_England,6.43
2022-01-04 00:00:00+00:00,00:00,A,Eastern_England,6.05
2022-01-05 00:00:00+00:00,00:00,A,Eastern_England,8.86
2022-01-06 00:00:00+00:00,00:00,A,Eastern_England,9.66
2022-01-07 00:00:00+00:00,00:00,A,Eastern_England,9.88
2022-01-08 00:00:00+00:00,00:00,A,Eastern_England,8.7
2022-01-09 00:00:00+00:00,00:00,A,Eastern_England,8.7
2022-01-10 00:00:00+00:00,00:00,A,Eastern_England,9.01
2022-01-11 00:00:00+00:00,00:00,A,Eastern_England,9.05
2022-01-12 00:00:00+00:00,00:00,A,Eastern_England,8.4
2022-01-13 00:00:00+00:00,00:00,A,Eastern_England,7.91
2022-01-14 00:00:00+00:00,00:00,A,Eastern_England,8.86
2022-01-15 00:00:00+00:00,00:00,A,Eastern_England,8.86
2022-01-16 00:00:00+00:00,00:00,A,Eastern_England,8.86
2022-01-17 00:00:00+00:00,00:00,A,Eastern_England,8.86
2022-01-18 00:00:00+00:00,00:00,A,Eastern_England,8.19
2022-01-19 00:00:00+00:00,00:00,A,Eastern_England,8.48
2022-01-20 00:00:00+00:00,00:00,A,Eastern_England,8.07
2022-01-21 00:00:00+00:00,00:00,A,Eastern_England,8.02
2022-01-22 00:00:00+00:00,00:00,A,Eastern_England,8.27
2022-01-23 00:00:00+00:00,00:00,A,Eastern_England,8.27
2022-01-24 00:00:00+00:00,00:00,A,Eastern_England,8.36
2022-01-25 00:00:00+00:00,00:00,A,Eastern_England,9.6
2022-01-26 00:00:00+00:00,00:00,A,Eastern_England,9.58
2022-01-27 00:00:00+00:00,00:00,A,Eastern_England,9.27
2022-01-28 00:00:00+00:00,00:00,A,Eastern_England,9.23
2022-01-29 00:00:00+00:00,00:00,A,Eastern_England,10.07
2022-01-30 00:00:00+00:00,00:00,A,Eastern_England,10.07
2022-01-31 00:00:00+00:00,00:00,A,Eastern_England,9.54
2022-02-01 00:00:00+00:00,00:00,A,Eastern_England,8.37
2022-02-02 00:00:00+00:00,00:00,A,Eastern_England,7.81
2022-02-03 00:00:00+00:00,00:00,A,Eastern_England,7.82
2022-02-04 00:00:00+00:00,00:00,A,Eastern_England,8.11
2022-02-05 00:00:00+00:00,00:00,A,Eastern_England,8.36
2022-02-06 00:00:00+00:00,00:00,A,Eastern_England,8.36
2022-02-07 00:00:00+00:00,00:00,A,Eastern_England,8.47
2022-02-08 00:00:00+00:00,00:00,A,Eastern_England,8.06
2022-02-09 00:00:00+00:00,00:00,A,Eastern_England,7.93
2022-02-10 00:00:00+00:00,00:00,A,Eastern_England,8.04
2022-02-11 00:00:00+00:00,00:00,A,Eastern_England,7.93
2022-02-12 00:00:00+00:00,00:00,A,Eastern_England,7.96
2022-02-13 00:00:00+00:00,00:00,A,Eastern_England,7.96
2022-02-14 00:00:00+00:00,00:00,A,Eastern_England,8.04
2022-02-15 00:00:00+00:00,00:00,A,Eastern_England,8.33
2022-02-16 00:00:00+00:00,00:00,A,Eastern_England,7.27
2022-02-17 00:00:00+00:00,00:00,A,Eastern_England,7.46
2022-02-18 00:00:00+00:00,00:00,A,Eastern_England,7.88
2022-02-19 00:00:00+00:00,00:00,A,Eastern_England,7.76
2022-02-20 00:00:00+00:00,00:00,A,Eastern_England,7.76
2022-02-21 00:00:00+00:00,00:00,A,Eastern_England,7.76
2022-02-22 00:00:00+00:00,00:00,A,Eastern_England,7.64
2022-02-23 00:00:00+00:00,00:00,A,Eastern_England,8.21
2022-02-24 00:00:00+00:00,00:00,A,Eastern_England,9.17
2022-02-25 00:00:00+00:00,00:00,A,Eastern_England,11.83
2022-02-26 00:00:00+00:00,00:00,A,Eastern_England,8.59
2022-02-27 00:00:00+00:00,00:00,A,Eastern_England,8.59
2022-02-28 00:00:00+00:00,00:00,A,Eastern_England,8.99
2022-03-01 00:00:00+00:00,00:00,A,Eastern_England,9.88
2022-03-02 00:00:00+00:00,00:00,A,Eastern_England,12.32
2022-03-03 00:00:00+00:00,00:00,A,Eastern_England,16.15
2022-03-04 00:00:00+00:00,00:00,A,Eastern_England,14.29
2022-03-05 00:00:00+00:00,00:00,A,Eastern_England,18.51
2022-03-06 00:00:00+00:00,00:00,A,Eastern_England,18.51
2022-03-07 00:00:00+00:00,00:00,A,Eastern_England,18.93
2022-03-08 00:00:00+00:00,00:00,A,Eastern_England,23.96
2022-03-09 00:00:00+00:00,00:00,A,Eastern_England,19.95
2022-03-10 00:00:00+00:00,00:00,A,Eastern_England,17.85
2022-03-11 00:00:00+00:00,00:00,A,Eastern_England,13.3
2022-03-12 00:00:00+00:00,00:00,A,Eastern_England,12.89
2022-03-13 00:00:00+00:00,00:00,A,Eastern_England,12.89
2022-03-14 00:00:00+00:00,00:00,A,Eastern_England,13.16
2022-03-15 00:00:00+00:00,00:00,A,Eastern_England,11.18
2022-03-16 00:00:00+00:00,00:00,A,Eastern_England,11.4
2022-03-17 00:00:00+00:00,00:00,A,Eastern_England,9.85
2022-03-18 00:00:00+00:00,00:00,A,Eastern_England,10.51
2022-03-19 00:00:00+00:00,00:00,A,Eastern_England,9.57
2022-03-20 00:00:00+00:00,00:00,A,Eastern_England,9.57
2022-03-21 00:00:00+00:00,00:00,A,Eastern_England,9.59
2022-03-22 00:00:00+00:00,00:00,A,Eastern_England,8.86
2022-03-23 00:00:00+00:00,00:00,A,Eastern_England,9.71
2022-03-24 00:00:00+00:00,00:00,A,Eastern_England,10.11
2022-03-25 00:00:00+00:00,00:00,A,Eastern_England,9.73
2022-03-26 00:00:00+00:00,00:00,A,Eastern_England,9.22
2022-03-27 00:00:00+00:00,00:00,A,Eastern_England,9.22
2022-03-28 00:00:00+00:00,00:00,A,Eastern_England,9.38
2022-03-29 00:00:00+00:00,00:00,A,Eastern_England,10.63
2022-03-30 00:00:00+00:00,00:00,A,Eastern_England,10.79
2022-03-31 00:00:00+00:00,00:00,A,Eastern_England,11.67
2022-04-01 00:00:00+00:00,00:00,A,Eastern_England,12.01
2022-04-02 00:00:00+00:00,00:00,A,Eastern_England,10.48
2022-04-03 00:00:00+00:00,00:00,A,Eastern_England,10.48
2022-04-04 00:00:00+00:00,00:00,A,Eastern_England,10.65
2022-04-05 00:00:00+00:00,00:00,A,Eastern_England,9.67
2022-04-06 00:00:00+00:00,00:00,A,Eastern_England,9.96
2022-04-07 00:00:00+00:00,00:00,A,Eastern_England,10.26
2022-04-08 00:00:00+00:00,00:00,A,Eastern_England,10.07
2022-04-09 00:00:00+00:00,00:00,A,Eastern_England,8.59
2022-04-10 00:00:00+00:00,00:00,A,Eastern_England,8.59
2022-04-11 00:00:00+00:00,00:00,A,Eastern_England,8.98
2022-04-12 00:00:00+00:00,00:00,A,Eastern_England,8.56
2022-04-13 00:00:00+00:00,00:00,A,Eastern_England,8.19
2022-04-14 00:00:00+00:00,00:00,A,Eastern_England,8.44
2022-04-15 00:00:00+00:00,00:00,A,Eastern_England,4.42
2022-04-16 00:00:00+00:00,00:00,A,Eastern_England,4.42
2022-04-17 00:00:00+00:00,00:00,A,Eastern_England,4.42
2022-04-18 00:00:00+00:00,00:00,A,Eastern_England,4.42
2022-04-19 00:00:00+00:00,00:00,A,Eastern_England,4.99
2022-04-20 00:00:00+00:00,00:00,A,Eastern_England,7.36
2022-04-21 00:00:00+00:00,00:00,A,Eastern_England,6.35
2022-04-22 00:00:00+00:00,00:00,A,Eastern_England,6.42
2022-04-23 00:00:00+00:00,00:00,A,Eastern_England,6.14
2022-04-24 00:00:00+00:00,00:00,A,Eastern_England,6.14
2022-04-25 00:00:00+00:00,00:00,A,Eastern_England,6.09
2022-04-26 00:00:00+00:00,00:00,A,Eastern_England,5.71
2022-04-27 00:00:00+00:00,00:00,A,Eastern_England,6.9
2022-04-28 00:00:00+00:00,00:00,A,Eastern_England,5.62
2022-04-29 00:00:00+00:00,00:00,A,Eastern_England,5.5
2022-04-30 00:00:00+00:00,00:00,A,Eastern_England,4.59
2022-05-01 00:00:00+00:00,00:00,A,Eastern_England,4.59
2022-05-02 00:00:00+00:00,00:00,A,Eastern_England,4.59
2022-05-03 00:00:00+00:00,00:00,A,Eastern_England,4.7
2022-05-04 00:00:00+00:00,00:00,A,Eastern_England,5.44
2022-05-05 00:00:00+00:00,00:00,A,Eastern_England,5.29
2022-05-06 00:00:00+00:00,00:00,A,Eastern_England,4.87
2022-05-07 00:00:00+00:00,00:00,A,Eastern_England,2.9
2022-05-08 00:00:00+00:00,00:00,A,Eastern_England,2.9
2022-05-09 00:00:00+00:00,00:00,A,Eastern_England,2.9
2022-05-10 00:00:00+00:00,00:00,A,Eastern_England,2.71
2022-05-11 00:00:00+00:00,00:00,A,Eastern_England,2.64
2022-05-12 00:00:00+00:00,00:00,A,Eastern_England,2.94
2022-05-13 00:00:00+00:00,00:00,A,Eastern_England,2.33
2022-05-14 00:00:00+00:00,00:00,A,Eastern_England,3.78
2022-05-15 00:00:00+00:00,00:00,A,Eastern_England,3.78
2022-05-16 00:00:00+00:00,00:00,A,Eastern_England,3.46
2022-05-17 00:00:00+00:00,00:00,A,Eastern_England,4.61
2022-05-18 00:00:00+00:00,00:00,A,Eastern_England,4.33
2022-05-19 00:00:00+00:00,00:00,A,Eastern_England,4.86
2022-05-20 00:00:00+00:00,00:00,A,Eastern_England,4.4
2022-05-21 00:00:00+00:00,00:00,A,Eastern_England,4.86
2022-05-22 00:00:00+00:00,00:00,A,Eastern_England,4.86
2022-05-23 00:00:00+00:00,00:00,A,Eastern_England,5.23
2022-05-24 00:00:00+00:00,00:00,A,Eastern_England,5.97
2022-05-25 00:00:00+00:00,00:00,A,Eastern_England,5.72
2022-05-26 00:00:00+00:00,00:00,A,Eastern_England,4.72
2022-05-27 00:00:00+00:00,00:00,A,Eastern_England,4.61
2022-05-28 00:00:00+00:00,00:00,A,Eastern_England,6.92
2022-05-29 00:00:00+00:00,00:00,A,Eastern_England,6.92
2022-05-30 00:00:00+00:00,00:00,A,Eastern_England,6.54
2022-05-31 00:00:00+00:00,00:00,A,Eastern_England,6.81
2022-06-01 00:00:00+00:00,00:00,A,Eastern_England,6.81
2022-06-02 00:00:00+00:00,00:00,A,Eastern_England,4.53
2022-06-03 00:00:00+00:00,00:00,A,Eastern_England,4.53
2022-06-04 00:00:00+00:00,00:00,A,Eastern_England,4.53
2022-06-05 00:00:00+00:00,00:00,A,Eastern_England,4.53
2022-06-06 00:00:00+00:00,00:00,A,Eastern_England,5.0
2022-06-07 00:00:00+00:00,00:00,A,Eastern_England,5.8
2022-06-08 00:00:00+00:00,00:00,A,Eastern_England,5.78
2022-06-09 00:00:00+00:00,00:00,A,Eastern_England,4.26
2022-06-10 00:00:00+00:00,00:00,A,Eastern_England,1.57
2022-06-11 00:00:00+00:00,00:00,A,Eastern_England,3.84
2022-06-12 00:00:00+00:00,00:00,A,Eastern_England,3.84
2022-06-13 00:00:00+00:00,00:00,A,Eastern_England,4.26
2022-06-14 00:00:00+00:00,00:00,A,Eastern_England,6.68
2022-06-15 00:00:00+00:00,00:00,A,Eastern_England,7.39
2022-06-16 00:00:00+00:00,00:00,A,Eastern_England,8.76
2022-06-17 00:00:00+00:00,00:00,A,Eastern_England,8.45
2022-06-18 00:00:00+00:00,00:00,A,Eastern_England,5.76
2022-06-19 00:00:00+00:00,00:00,A,Eastern_England,5.76
2022-06-20 00:00:00+00:00,00:00,A,Eastern_England,6.3
2022-06-21 00:00:00+00:00,00:00,A,Eastern_England,7.42
2022-06-22 00:00:00+00:00,00:00,A,Eastern_England,8.6
2022-06-23 00:00:00+00:00,00:00,A,Eastern_England,7.88
2022-06-24 00:00:00+00:00,00:00,A,Eastern_England,7.81
2022-06-25 00:00:00+00:00,00:00,A,Eastern_England,6.77
2022-06-26 00:00:00+00:00,00:00,A,Eastern_England,6.77
2022-06-27 00:00:00+00:00,00:00,A,Eastern_England,6.6
2022-06-28 00:00:00+00:00,00:00,A,Eastern_England,6.45
2022-06-29 00:00:00+00:00,00:00,A,Eastern_England,7.2
2022-06-30 00:00:00+00:00,00:00,A,Eastern_England,7.41
2022-07-01 00:00:00+00:00,00:00,A,Eastern_England,6.98
2022-07-02 00:00:00+00:00,00:00,A,Eastern_England,7.27
2022-07-03 00:00:00+00:00,00:00,A,Eastern_England,7.27
2022-07-04 00:00:00+00:00,00:00,A,Eastern_England,7.29
2022-07-05 00:00:00+00:00,00:00,A,Eastern_England,9.73
2022-07-06 00:00:00+00:00,00:00,A,Eastern_England,10.95
2022-07-07 00:00:00+00:00,00:00,A,Eastern_England,7.62
2022-07-08 00:00:00+00:00,00:00,A,Eastern_England,9.2
2022-07-09 00:00:00+00:00,00:00,A,Eastern_England,7.57
2022-07-10 00:00:00+00:00,00:00,A,Eastern_England,7.57
2022-07-11 00:00:00+00:00,00:00,A,Eastern_England,7.47
2022-07-12 00:00:00+00:00,00:00,A,Eastern_England,9.47
2022-07-13 00:00:00+00:00,00:00,A,Eastern_England,10.49
2022-07-14 00:00:00+00:00,00:00,A,Eastern_England,11.65
2022-07-15 00:00:00+00:00,00:00,A,Eastern_England,9.28
2022-07-16 00:00:00+00:00,00:00,A,Eastern_England,8.04
2022-07-17 00:00:00+00:00,00:00,A,Eastern_England,8.04
2022-07-18 00:00:00+00:00,00:00,A,Eastern_England,7.76
2022-07-19 00:00:00+00:00,00:00,A,Eastern_England,7.55
2022-07-20 00:00:00+00:00,00:00,A,Eastern_England,8.18
2022-07-21 00:00:00+00:00,00:00,A,Eastern_England,10.62
2022-07-22 00:00:00+00:00,00:00,A,Eastern_England,11.82
2022-07-23 00:00:00+00:00,00:00,A,Eastern_England,11.33
2022-07-24 00:00:00+00:00,00:00,A,Eastern_England,11.33
2022-07-25 00:00:00+00:00,00:00,A,Eastern_England,10.77
2022-07-26 00:00:00+00:00,00:00,A,Eastern_England,10.99
2022-07-27 00:00:00+00:00,00:00,A,Eastern_England,13.41
2022-07-28 00:00:00+00:00,00:00,A,Eastern_England,13.96
2022-07-29 00:00:00+00:00,00:00,A,Eastern_England,13.11
2022-07-30 00:00:00+00:00,00:00,A,Eastern_England,11.25
2022-07-31 00:00:00+00:00,00:00,A,Eastern_England,11.25
2022-08-01 00:00:00+00:00,00:00,A,Eastern_England,11.14
2022-08-02 00:00:00+00:00,00:00,A,Eastern_England,11.23
2022-08-03 00:00:00+00:00,00:00,A,Eastern_England,10.53
2022-08-04 00:00:00+00:00,00:00,A,Eastern_England,12.13
2022-08-05 00:00:00+00:00,00:00,A,Eastern_England,11.03
2022-08-06 00:00:00+00:00,00:00,A,Eastern_England,11.31
2022-08-07 00:00:00+00:00,00:00,A,Eastern_England,11.31
2022-08-08 00:00:00+00:00,00:00,A,Eastern_England,11.83
2022-08-09 00:00:00+00:00,00:00,A,Eastern_England,11.5
2022-08-10 00:00:00+00:00,00:00,A,Eastern_England,12.0
2022-08-11 00:00:00+00:00,00:00,A,Eastern_England,10.76
2022-08-12 00:00:00+00:00,00:00,A,Eastern_England,13.96
2022-08-13 00:00:00+00:00,00:00,A,Eastern_England,15.05
2022-08-14 00:00:00+00:00,00:00,A,Eastern_England,15.05
2022-08-15 00:00:00+00:00,00:00,A,Eastern_England,14.86
2022-08-16 00:00:00+00:00,00:00,A,Eastern_England,15.2
2022-08-17 00:00:00+00:00,00:00,A,Eastern_England,14.79
2022-08-18 00:00:00+00:00,00:00,A,Eastern_England,15.1
2022-08-19 00:00:00+00:00,00:00,A,Eastern_England,15.48
2022-08-20 00:00:00+00:00,00:00,A,Eastern_England,14.86
2022-08-21 00:00:00+00:00,00:00,A,Eastern_England,14.86
2022-08-22 00:00:00+00:00,00:00,A,Eastern_England,15.0
2022-08-23 00:00:00+00:00,00:00,A,Eastern_England,19.56
2022-08-24 00:00:00+00:00,00:00,A,Eastern_England,16.15
2022-08-25 00:00:00+00:00,00:00,A,Eastern_England,20.45
2022-08-26 00:00:00+00:00,00:00,A,Eastern_England,21.3
2022-08-27 00:00:00+00:00,00:00,A,Eastern_England,22.27
2022-08-28 00:00:00+00:00,00:00,A,Eastern_England,22.27
2022-08-29 00:00:00+00:00,00:00,A,Eastern_England,22.27
2022-08-30 00:00:00+00:00,00:00,A,Eastern_England,20.36
2022-08-31 00:00:00+00:00,00:00,A,Eastern_England,17.36
2022-09-01 00:00:00+00:00,00:00,A,Eastern_England,12.2
2022-09-02 00:00:00+00:00,00:00,A,Eastern_England,13.9
2022-09-03 00:00:00+00:00,00:00,A,Eastern_England,6.7
2022-09-04 00:00:00+00:00,00:00,A,Eastern_England,6.7
2022-09-05 00:00:00+00:00,00:00,A,Eastern_England,6.12
2022-09-06 00:00:00+00:00,00:00,A,Eastern_England,10.58
2022-09-07 00:00:00+00:00,00:00,A,Eastern_England,7.17
2022-09-08 00:00:00+00:00,00:00,A,Eastern_England,10.05
2022-09-09 00:00:00+00:00,00:00,A,Eastern_England,14.29
2022-09-10 00:00:00+00:00,00:00,A,Eastern_England,13.4
2022-09-11 00:00:00+00:00,00:00,A,Eastern_England,13.4
2022-09-12 00:00:00+00:00,00:00,A,Eastern_England,13.53
2022-09-13 00:00:00+00:00,00:00,A,Eastern_England,13.52
2022-09-14 00:00:00+00:00,00:00,A,Eastern_England,14.19
2022-09-15 00:00:00+00:00,00:00,A,Eastern_England,9.2
2022-09-16 00:00:00+00:00,00:00,A,Eastern_England,13.53
2022-09-17 00:00:00+00:00,00:00,A,Eastern_England,8.4
2022-09-18 00:00:00+00:00,00:00,A,Eastern_England,8.4
2022-09-19 00:00:00+00:00,00:00,A,Eastern_England,8.4
2022-09-20 00:00:00+00:00,00:00,A,Eastern_England,10.19
2022-09-21 00:00:00+00:00,00:00,A,Eastern_England,10.65
2022-09-22 00:00:00+00:00,00:00,A,Eastern_England,10.05
2022-09-23 00:00:00+00:00,00:00,A,Eastern_England,10.68
2022-09-24 00:00:00+00:00,00:00,A,Eastern_England,9.08
2022-09-25 00:00:00+00:00,00:00,A,Eastern_England,9.08
2022-09-26 00:00:00+00:00,00:00,A,Eastern_England,9.01
2022-09-27 00:00:00+00:00,00:00,A,Eastern_England,7.88
2022-09-28 00:00:00+00:00,00:00,A,Eastern_England,8.63
2022-09-29 00:00:00+00:00,00:00,A,Eastern_England,9.94
2022-09-30 00:00:00+00:00,00:00,A,Eastern_England,8.02
2022-10-01 00:00:00+00:00,00:00,A,Eastern_England,7.83
2022-10-02 00:00:00+00:00,00:00,A,Eastern_England,7.83
2022-10-03 00:00:00+00:00,00:00,A,Eastern_England,7.64
2022-10-04 00:00:00+00:00,00:00,A,Eastern_England,6.81
2022-10-05 00:00:00+00:00,00:00,A,Eastern_England,5.63
2022-10-06 00:00:00+00:00,00:00,A,Eastern_England,5.71
2022-10-07 00:00:00+00:00,00:00,A,Eastern_England,7.83
2022-10-08 00:00:00+00:00,00:00,A,Eastern_England,7.53
2022-10-09 00:00:00+00:00,00:00,A,Eastern_England,7.53
2022-10-10 00:00:00+00:00,00:00,A,Eastern_England,7.57
2022-10-11 00:00:00+00:00,00:00,A,Eastern_England,7.27
2022-10-12 00:00:00+00:00,00:00,A,Eastern_England,7.57
2022-10-13 00:00:00+00:00,00:00,A,Eastern_England,7.74
2022-10-14 00:00:00+00:00,00:00,A,Eastern_England,6.35
2022-10-15 00:00:00+00:00,00:00,A,Eastern_England,4.61
2022-10-16 00:00:00+00:00,00:00,A,Eastern_England,4.61
2022-10-17 00:00:00+00:00,00:00,A,Eastern_England,4.42
2022-10-18 00:00:00+00:00,00:00,A,Eastern_England,3.6
2022-10-19 00:00:00+00:00,00:00,A,Eastern_England,1.88
2022-10-20 00:00:00+00:00,00:00,A,Eastern_England,3.17
2022-10-21 00:00:00+00:00,00:00,A,Eastern_England,4.8
2022-10-22 00:00:00+00:00,00:00,A,Eastern_England,3.55
2022-10-23 00:00:00+00:00,00:00,A,Eastern_England,3.55
2022-10-24 00:00:00+00:00,00:00,A,Eastern_England,3.58
2022-10-25 00:00:00+00:00,00:00,A,Eastern_England,2.68
2022-10-26 00:00:00+00:00,00:00,A,Eastern_England,2.45
2022-10-27 00:00:00+00:00,00:00,A,Eastern_England,2.9
2022-10-28 00:00:00+00:00,00:00,A,Eastern_England,3.46
2022-10-29 00:00:00+00:00,00:00,A,Eastern_England,3.74
2022-10-30 00:00:00+00:00,00:00,A,Eastern_England,3.74
2022-10-31 00:00:00+00:00,00:00,A,Eastern_England,3.96
2022-11-01 00:00:00+00:00,00:00,A,Eastern_England,3.56
2022-11-02 00:00:00+00:00,00:00,A,Eastern_England,3.01
2022-11-03 00:00:00+00:00,00:00,A,Eastern_England,5.55
2022-11-04 00:00:00+00:00,00:00,A,Eastern_England,5.93
2022-11-05 00:00:00+00:00,00:00,A,Eastern_England,4.99
2022-11-06 00:00:00+00:00,00:00,A,Eastern_England,4.99
2022-11-07 00:00:00+00:00,00:00,A,Eastern_England,4.91
2022-11-08 00:00:00+00:00,00:00,A,Eastern_England,4.54
2022-11-09 00:00:00+00:00,00:00,A,Eastern_England,4.95
2022-11-10 00:00:00+00:00,00:00,A,Eastern_England,4.68
2022-11-11 00:00:00+00:00,00:00,A,Eastern_England,4.57
2022-11-12 00:00:00+00:00,00:00,A,Eastern_England,4.8
2022-11-13 00:00:00+00:00,00:00,A,Eastern_England,4.8
2022-11-14 00:00:00+00:00,00:00,A,Eastern_England,4.99
2022-11-15 00:00:00+00:00,00:00,A,Eastern_England,4.87
2022-11-16 00:00:00+00:00,00:00,A,Eastern_England,5.41
2022-11-17 00:00:00+00:00,00:00,A,Eastern_England,4.23
2022-11-18 00:00:00+00:00,00:00,A,Eastern_England,5.13
2022-11-19 00:00:00+00:00,00:00,A,Eastern_England,5.1
2022-11-20 00:00:00+00:00,00:00,A,Eastern_England,5.1
2022-11-21 00:00:00+00:00,00:00,A,Eastern_England,5.13
2022-11-22 00:00:00+00:00,00:00,A,Eastern_England,5.25
2022-11-23 00:00:00+00:00,00:00,A,Eastern_England,5.37
2022-11-24 00:00:00+00:00,00:00,A,Eastern_England,5.79
2022-11-25 00:00:00+00:00,00:00,A,Eastern_England,7.19
2022-11-26 00:00:00+00:00,00:00,A,Eastern_England,7.22
2022-11-27 00:00:00+00:00,00:00,A,Eastern_England,7.22
2022-11-28 00:00:00+00:00,00:00,A,Eastern_England,7.22
2022-11-29 00:00:00+00:00,00:00,A,Eastern_England,11.9
2022-11-30 00:00:00+00:00,00:00,A,Eastern_England,13.3
2022-12-01 00:00:00+00:00,00:00,A,Eastern_England,14.02
2022-12-02 00:00:00+00:00,00:00,A,Eastern_England,13.71
2022-12-03 00:00:00+00:00,00:00,A,Eastern_England,12.96
2022-12-04 00:00:00+00:00,00:00,A,Eastern_England,12.96
2022-12-05 00:00:00+00:00,00:00,A,Eastern_England,13.11
2022-12-06 00:00:00+00:00,00:00,A,Eastern_England,13.71
2022-12-07 00:00:00+00:00,00:00,A,Eastern_England,14.29
2022-12-08 00:00:00+00:00,00:00,A,Eastern_England,15.35
2022-12-09 00:00:00+00:00,00:00,A,Eastern_England,14.29
2022-12-10 00:00:00+00:00,00:00,A,Eastern_England,15.4
2022-12-11 00:00:00+00:00,00:00,A,Eastern_England,15.4
2022-12-12 00:00:00+00:00,00:00,A,Eastern_England,14.86
2022-12-13 00:00:00+00:00,00:00,A,Eastern_England,14.2
2022-12-14 00:00:00+00:00,00:00,A,Eastern_England,14.48
2022-12-15 00:00:00+00:00,00:00,A,Eastern_England,13.87
2022-12-16 00:00:00+00:00,00:00,A,Eastern_England,14.1
2022-12-17 00:00:00+00:00,00:00,A,Eastern_England,12.39
2022-12-18 00:00:00+00:00,00:00,A,Eastern_England,12.39
2022-12-19 00:00:00+00:00,00:00,A,Eastern_England,11.92
2022-12-20 00:00:00+00:00,00:00,A,Eastern_England,10.68
2022-12-21 00:00:00+00:00,00:00,A,Eastern_England,9.83
2022-12-22 00:00:00+00:00,00:00,A,Eastern_England,8.79
2022-12-23 00:00:00+00:00,00:00,A,Eastern_England,8.37
2022-12-24 00:00:00+00:00,00:00,A,Eastern_England,7.31
2022-12-25 00:00:00+00:00,00:00,A,Eastern_England,7.31
2022-12-26 00:00:00+00:00,00:00,A,Eastern_England,7.31
2022-12-27 00:00:00+00:00,00:00,A,Eastern_England,7.31
2022-12-28 00:00:00+00:00,00:00,A,Eastern_England,7.27
2022-12-29 00:00:00+00:00,00:00,A,Eastern_England,7.22
2022-12-30 00:00:00+00:00,00:00,A,Eastern_England,7.67
2022-12-31 00:00:00+00:00,00:00,A,Eastern_England,7.77
2023-01-01 00:00:00+00:00,00:00,A,Eastern_England,7.77
2023-01-02 00:00:00+00:00,00:00,A,Eastern_England,7.77
2023-01-03 00:00:00+00:00,00:00,A,Eastern_England,6.78
2023-01-04 00:00:00+00:00,00:00,A,Eastern_England,7.64
2023-01-05 00:00:00+00:00,00:00,A,Eastern_England,6.43
2023-01-06 00:00:00+00:00,00:00,A,Eastern_England,6.77
2023-01-07 00:00:00+00:00,00:00,A,Eastern_England,7.08
2023-01-08 00:00:00+00:00,00:00,A,Eastern_England,7.08
2023-01-09 00:00:00+00:00,00:00,A,Eastern_England,7.2
2023-01-10 00:00:00+00:00,00:00,A,Eastern_England,7.69
2023-01-11 00:00:00+00:00,00:00,A,Eastern_England,7.06
2023-01-12 00:00:00+00:00,00:00,A,Eastern_England,6.97
2023-01-13 00:00:00+00:00,00:00,A,Eastern_England,7.46
2023-01-14 00:00:00+00:00,00:00,A,Eastern_England,7.19
2023-01-15 00:00:00+00:00,00:00,A,Eastern_England,7.19
2023-01-16 00:00:00+00:00,00:00,A,Eastern_England,7.53
2023-01-17 00:00:00+00:00,00:00,A,Eastern_England,6.54
2023-01-18 00:00:00+00:00,00:00,A,Eastern_England,6.75
2023-01-19 00:00:00+00:00,00:00,A,Eastern_England,7.27
2023-01-20 00:00:00+00:00,00:00,A,Eastern_England,7.19
2023-01-21 00:00:00+00:00,00:00,A,Eastern_England,7.8
2023-01-22 00:00:00+00:00,00:00,A,Eastern_England,7.8
2023-01-23 00:00:00+00:00,00:00,A,Eastern_England,7.72
2023-01-24 00:00:00+00:00,00:00,A,Eastern_England,7.6
2023-01-25 00:00:00+00:00,00:00,A,Eastern_England,6.85
2023-01-26 00:00:00+00:00,00:00,A,Eastern_England,6.66
2023-01-27 00:00:00+00:00,00:00,A,Eastern_England,6.58
2023-01-28 00:00:00+00:00,00:00,A,Eastern_England,6.72
2023-01-29 00:00:00+00:00,00:00,A,Eastern_England,6.72
2023-01-30 00:00:00+00:00,00:00,A,Eastern_England,6.62
2023-01-31 00:00:00+00:00,00:00,A,Eastern_England,6.44
2023-02-01 00:00:00+00:00,00:00,A,Eastern_England,6.79
2023-02-02 00:00:00+00:00,00:00,A,Eastern_England,6.92
2023-02-03 00:00:00+00:00,00:00,A,Eastern_England,6.56
2023-02-04 00:00:00+00:00,00:00,A,Eastern_England,7.0
2023-02-05 00:00:00+00:00,00:00,A,Eastern_England,7.0
2023-02-06 00:00:00+00:00,00:00,A,Eastern_England,7.0
2023-02-07 00:00:00+00:00,00:00,A,Eastern_England,6.94
2023-02-08 00:00:00+00:00,00:00,A,Eastern_England,6.56
2023-02-09 00:00:00+00:00,00:00,A,Eastern_England,6.39
2023-02-10 00:00:00+00:00,00:00,A,Eastern_England,6.21
2023-02-11 00:00:00+00:00,00:00,A,Eastern_England,6.43
2023-02-12 00:00:00+00:00,00:00,A,Eastern_England,6.43
2023-02-13 00:00:00+00:00,00:00,A,Eastern_England,6.44
2023-02-14 00:00:00+00:00,00:00,A,Eastern_England,6.12
2023-02-15 00:00:00+00:00,00:00,A,Eastern_England,6.18
2023-02-16 00:00:00+00:00,00:00,A,Eastern_England,6.35
2023-02-17 00:00:00+00:00,00:00,A,Eastern_England,5.9
2023-02-18 00:00:00+00:00,00:00,A,Eastern_England,5.69
2023-02-19 00:00:00+00:00,00:00,A,Eastern_England,5.69
2023-02-20 00:00:00+00:00,00:00,A,Eastern_England,5.71
2023-02-21 00:00:00+00:00,00:00,A,Eastern_England,5.83
2023-02-22 00:00:00+00:00,00:00,A,Eastern_England,5.86
2023-02-23 00:00:00+00:00,00:00,A,Eastern_England,6.0
2023-02-24 00:00:00+00:00,00:00,A,Eastern_England,6.02
2023-02-25 00:00:00+00:00,00:00,A,Eastern_England,6.1
2023-02-26 00:00:00+00:00,00:00,A,Eastern_England,6.1
2023-02-27 00:00:00+00:00,00:00,A,Eastern_England,6.16
2023-02-28 00:00:00+00:00,00:00,A,Eastern_England,5.83
2023-03-01 00:00:00+00:00,00:00,A,Eastern_England,5.79
2023-03-02 00:00:00+00:00,00:00,A,Eastern_England,5.94
2023-03-03 00:00:00+00:00,00:00,A,Eastern_England,5.91
2023-03-04 00:00:00+00:00,00:00,A,Eastern_England,5.68
2023-03-05 00:00:00+00:00,00:00,A,Eastern_England,5.68
2023-03-06 00:00:00+00:00,00:00,A,Eastern_England,5.7
2023-03-07 00:00:00+00:00,00:00,A,Eastern_England,5.51
2023-03-08 00:00:00+00:00,00:00,A,Eastern_England,5.68
2023-03-09 00:00:00+00:00,00:00,A,Eastern_England,5.5
2023-03-10 00:00:00+00:00,00:00,A,Eastern_England,5.63
2023-03-11 00:00:00+00:00,00:00,A,Eastern_England,6.44
2023-03-12 00:00:00+00:00,00:00,A,Eastern_England,6.44
2023-03-13 00:00:00+00:00,00:00,A,Eastern_England,6.36
2023-03-14 00:00:00+00:00,00:00,A,Eastern_England,5.93
2023-03-15 00:00:00+00:00,00:00,A,Eastern_England,5.6
2023-03-16 00:00:00+00:00,00:00,A,Eastern_England,5.1
2023-03-17 00:00:00+00:00,00:00,A,Eastern_England,5.13
2023-03-18 00:00:00+00:00,00:00,A,Eastern_England,4.95
2023-03-19 00:00:00+00:00,00:00,A,Eastern_England,4.95
2023-03-20 00:00:00+00:00,00:00,A,Eastern_England,4.92
2023-03-21 00:00:00+00:00,00:00,A,Eastern_England,4.65
2023-03-22 00:00:00+00:00,00:00,A,Eastern_England,4.89
2023-03-23 00:00:00+00:00,00:00,A,Eastern_England,4.76
2023-03-24 00:00:00+00:00,00:00,A,Eastern_England,4.99
2023-03-25 00:00:00+00:00,00:00,A,Eastern_England,5.08
2023-03-26 00:00:00+00:00,00:00,A,Eastern_England,5.08
2023-03-27 00:00:00+00:00,00:00,A,Eastern_England,5.07
2023-03-28 00:00:00+00:00,00:00,A,Eastern_England,5.05
2023-03-29 00:00:00+00:00,00:00,A,Eastern_England,4.95
2023-03-30 00:00:00+00:00,00:00,A,Eastern_England,5.03
2023-03-31 00:00:00+00:00,00:00,A,Eastern_England,5.22
2023-04-01 00:00:00+00:00,00:00,A,Eastern_England,5.6
2023-04-02 00:00:00+00:00,00:00,A,Eastern_England,5.6
2023-04-03 00:00:00+00:00,00:00,A,Eastern_England,5.62
2023-04-04 00:00:00+00:00,00:00,A,Eastern_England,6.02
2023-04-05 00:00:00+00:00,00:00,A,Eastern_England,5.44
2023-04-06 00:00:00+00:00,00:00,A,Eastern_England,5.17
2023-04-07 00:00:00+00:00,00:00,A,Eastern_England,5.17
2023-04-08 00:00:00+00:00,00:00,A,Eastern_England,5.17
2023-04-09 00:00:00+00:00,00:00,A,Eastern_England,5.17
2023-04-10 00:00:00+00:00,00:00,A,Eastern_England,5.17
2023-04-11 00:00:00+00:00,00:00,A,Eastern_England,5.17
2023-04-12 00:00:00+00:00,00:00,A,Eastern_England,4.98
2023-04-13 00:00:00+00:00,00:00,A,Eastern_England,4.99
2023-04-14 00:00:00+00:00,00:00,A,Eastern_England,5.01
2023-04-15 00:00:00+00:00,00:00,A,Eastern_England,4.9
2023-04-16 00:00:00+00:00,00:00,A,Eastern_England,4.9
2023-04-17 00:00:00+00:00,00:00,A,Eastern_England,4.92
2023-04-18 00:00:00+00:00,00:00,A,Eastern_England,4.9
2023-04-19 00:00:00+00:00,00:00,A,Eastern_England,5.03
2023-04-20 00:00:00+00:00,00:00,A,Eastern_England,4.8
2023-04-21 00:00:00+00:00,00:00,A,Eastern_England,4.85
2023-04-22 00:00:00+00:00,00:00,A,Eastern_England,4.92
2023-04-23 00:00:00+00:00,00:00,A,Eastern_England,4.92
2023-04-24 00:00:00+00:00,00:00,A,Eastern_England,4.91
2023-04-25 00:00:00+00:00,00:00,A,Eastern_England,4.88
2023-04-26 00:00:00+00:00,00:00,A,Eastern_England,4.89
2023-04-27 00:00:00+00:00,00:00,A,Eastern_England,4.63
2023-04-28 00:00:00+00:00,00:00,A,Eastern_England,4.61
2023-04-29 00:00:00+00:00,00:00,A,Eastern_England,4.61
2023-04-30 00:00:00+00:00,00:00,A,Eastern_England,4.61
2023-05-01 00:00:00+00:00,00:00,A,Eastern_England,4.61
2023-05-02 00:00:00+00:00,00:00,A,Eastern_England,4.61
2023-05-03 00:00:00+00:00,00:00,A,Eastern_England,4.44
2023-05-04 00:00:00+00:00,00:00,A,Eastern_England,4.33
2023-05-05 00:00:00+00:00,00:00,A,Eastern_England,4.33
2023-05-06 00:00:00+00:00,00:00,A,Eastern_England,4.33
2023-05-07 00:00:00+00:00,00:00,A,Eastern_England,4.33
2023-05-08 00:00:00+00:00,00:00,A,Eastern_England,4.33
2023-05-09 00:00:00+00:00,00:00,A,Eastern_England,4.33
2023-05-10 00:00:00+00:00,00:00,A,Eastern_England,4.42
2023-05-11 00:00:00+00:00,00:00,A,Eastern_England,4.28
2023-05-12 00:00:00+00:00,00:00,A,Eastern_England,4.17
2023-05-13 00:00:00+00:00,00:00,A,Eastern_England,4.17
2023-05-14 00:00:00+00:00,00:00,A,Eastern_England,4.17
2023-05-15 00:00:00+00:00,00:00,A,Eastern_England,4.17
2023-05-16 00:00:00+00:00,00:00,A,Eastern_England,3.96
2023-05-17 00:00:00+00:00,00:00,A,Eastern_England,4.01
2023-05-18 00:00:00+00:00,00:00,A,Eastern_England,3.91
2023-05-19 00:00:00+00:00,00:00,A,Eastern_England,3.62
2023-05-20 00:00:00+00:00,00:00,A,Eastern_England,3.6
2023-05-21 00:00:00+00:00,00:00,A,Eastern_England,3.6
2023-05-22 00:00:00+00:00,00:00,A,Eastern_England,3.67
2023-05-23 00:00:00+00:00,00:00,A,Eastern_England,3.64
2023-05-24 00:00:00+00:00,00:00,A,Eastern_England,3.76
2023-05-25 00:00:00+00:00,00:00,A,Eastern_England,3.69
2023-05-26 00:00:00+00:00,00:00,A,Eastern_England,3.39
2023-05-27 00:00:00+00:00,00:00,A,Eastern_England,3.39
2023-05-28 00:00:00+00:00,00:00,A,Eastern_England,3.39
2023-05-29 00:00:00+00:00,00:00,A,Eastern_England,3.39
2023-05-30 00:00:00+00:00,00:00,A,Eastern_England,3.41
2023-05-31 00:00:00+00:00,00:00,A,Eastern_England,3.49
2023-06-01 00:00:00+00:00,00:00,A,Eastern_England,3.58
2023-06-02 00:00:00+00:00,00:00,A,Eastern_England,3.32
2023-06-03 00:00:00+00:00,00:00,A,Eastern_England,3.36
2023-06-04 00:00:00+00:00,00:00,A,Eastern_England,3.36
2023-06-05 00:00:00+00:00,00:00,A,Eastern_England,3.34
2023-06-06 00:00:00+00:00,00:00,A,Eastern_England,3.81
2023-06-07 00:00:00+00:00,00:00,A,Eastern_England,3.61
2023-06-08 00:00:00+00:00,00:00,A,Eastern_England,3.67
2023-06-09 00:00:00+00:00,00:00,A,Eastern_England,3.67
2023-06-10 00:00:00+00:00,00:00,A,Eastern_England,4.14
2023-06-11 00:00:00+00:00,00:00,A,Eastern_England,4.14
2023-06-12 00:00:00+00:00,00:00,A,Eastern_England,4.23
2023-06-13 00:00:00+00:00,00:00,A,Eastern_England,4.07
2023-06-14 00:00:00+00:00,00:00,A,Eastern_England,3.95
2023-06-15 00:00:00+00:00,00:00,A,Eastern_England,4.84
2023-06-16 00:00:00+00:00,00:00,A,Eastern_England,5.12
2023-06-17 00:00:00+00:00,00:00,A,Eastern_England,4.32
2023-06-18 00:00:00+00:00,00:00,A,Eastern_England,4.32
2023-06-19 00:00:00+00:00,00:00,A,Eastern_England,4.3
2023-06-20 00:00:00+00:00,00:00,A,Eastern_England,4.23
2023-06-21 00:00:00+00:00,00:00,A,Eastern_England,4.75
2023-06-22 00:00:00+00:00,00:00,A,Eastern_England,4.72
2023-06-23 00:00:00+00:00,00:00,A,Eastern_England,4.45
2023-06-24 00:00:00+00:00,00:00,A,Eastern_England,4.19
2023-06-24 23:00:00+00:00,00:00,A,Eastern_England,4.179
2023-06-25 00:00:00+00:00,00:00,A,Eastern_England,4.19
2023-06-25 23:00:00+00:00,00:00,A,Eastern_England,4.2
2023-06-26 00:00:00+00:00,00:00,A,Eastern_England,4.2
2023-06-26 23:00:00+00:00,00:00,A,Eastern_England,4.221
2023-06-27 00:00:00+00:00,00:00,A,Eastern_England,4.23
2023-06-27 23:00:00+00:00,00:00,A,Eastern_England,4.4625
2023-06-28 00:00:00+00:00,00:00,A,Eastern_England,4.47
2023-06-28 23:00:00+00:00,00:00,A,Eastern_England,4.3785
2023-06-29 00:00:00+00:00,00:00,A,Eastern_England,4.39
2023-06-29 23:00:00+00:00,00:00,A,Eastern_England,4.41
2023-06-30 00:00:00+00:00,00:00,A,Eastern_England,4.42
2023-06-30 23:00:00+00:00,00:00,A,Eastern_England,4.41
2023-07-01 00:00:00+00:00,00:00,A,Eastern_England,4.42
2023-07-01 23:00:00+00:00,00:00,A,Eastern_England,4.41
2023-07-02 00:00:00+00:00,00:00,A,Eastern_England,4.42
2023-07-02 23:00:00+00:00,00:00,A,Eastern_England,4.41
2023-07-03 00:00:00+00:00,00:00,A,Eastern_England,4.42
2023-07-03 23:00:00+00:00,00:00,A,Eastern_England,4.368
2023-07-04 00:00:00+00:00,00:00,A,Eastern_England,4.38
2023-07-04 23:00:00+00:00,00:00,A,Eastern_England,4.431
2023-07-05 00:00:00+00:00,00:00,A,Eastern_England,4.44
2023-07-05 23:00:00+00:00,00:00,A,Eastern_England,4.347
2023-07-06 00:00:00+00:00,00:00,A,Eastern_England,4.36
2023-07-06 23:00:00+00:00,00:00,A,Eastern_England,4.1265
2023-07-07 00:00:00+00:00,00:00,A,Eastern_England,4.14
2023-07-07 23:00:00+00:00,00:00,A,Eastern_England,4.2105
2023-07-08 00:00:00+00:00,00:00,A,Eastern_England,4.21
2023-07-08 23:00:00+00:00,00:00,A,Eastern_England,4.2105
2023-07-09 00:00:00+00:00,00:00,A,Eastern_England,4.21
2023-07-09 23:00:00+00:00,00:00,A,Eastern_England,4.2525
2023-07-10 00:00:00+00:00,00:00,A,Eastern_England,4.26
2023-07-10 23:00:00+00:00,00:00,A,Eastern_England,3.927
2023-07-11 00:00:00+00:00,00:00,A,Eastern_England,3.93
2023-07-11 23:00:00+00:00,00:00,A,Eastern_England,3.9375
2023-07-12 00:00:00+00:00,00:00,A,Eastern_England,3.94
2023-07-12 23:00:00+00:00,00:00,A,Eastern_England,3.6645
2023-07-13 00:00:00+00:00,00:00,A,Eastern_England,3.66
2023-07-13 23:00:00+00:00,00:00,A,Eastern_England,3.6225
2023-07-14 00:00:00+00:00,00:00,A,Eastern_England,3.63
2023-07-14 23:00:00+00:00,00:00,A,Eastern_England,3.6225
2023-07-15 00:00:00+00:00,00:00,A,Eastern_England,3.63
2023-07-15 23:00:00+00:00,00:00,A,Eastern_England,3.5805
2023-07-16 00:00:00+00:00,00:00,A,Eastern_England,3.59
2023-07-16 23:00:00+00:00,00:00,A,Eastern_England,3.6225
2023-07-17 00:00:00+00:00,00:00,A,Eastern_England,3.63
2023-07-17 23:00:00+00:00,00:00,A,Eastern_England,3.4965
2023-07-18 00:00:00+00:00,00:00,A,Eastern_England,3.51
2023-07-18 23:00:00+00:00,00:00,A,Eastern_England,3.675
2023-07-19 00:00:00+00:00,00:00,A,Eastern_England,3.67
2023-07-19 23:00:00+00:00,00:00,A,Eastern_England,3.633
2023-07-20 00:00:00+00:00,00:00,A,Eastern_England,3.64
2023-07-20 23:00:00+00:00,00:00,A,Eastern_England,3.822
2023-07-21 00:00:00+00:00,00:00,A,Eastern_England,3.83
2023-07-21 23:00:00+00:00,00:00,A,Eastern_England,3.717
2023-07-22 00:00:00+00:00,00:00,A,Eastern_England,3.73
2023-07-22 23:00:00+00:00,00:00,A,Eastern_England,3.717
2023-07-23 00:00:00+00:00,00:00,A,Eastern_England,3.73
2023-07-23 23:00:00+00:00,00:00,A,Eastern_England,3.7275
2023-07-24 00:00:00+00:00,00:00,A,Eastern_England,3.74
2023-07-24 23:00:00+00:00,00:00,A,Eastern_England,3.99
2023-07-25 00:00:00+00:00,00:00,A,Eastern_England,4.0
2023-07-25 23:00:00+00:00,00:00,A,Eastern_England,3.99
2023-07-26 00:00:00+00:00,00:00,A,Eastern_England,4.0
2023-07-26 23:00:00+00:00,00:00,A,Eastern_England,3.8745
2023-07-27 00:00:00+00:00,00:00,A,Eastern_England,3.87
2023-07-27 23:00:00+00:00,00:00,A,Eastern_England,3.78
2023-07-28 00:00:00+00:00,00:00,A,Eastern_England,3.79
2023-07-28 23:00:00+00:00,00:00,A,Eastern_England,3.4965
2023-07-29 00:00:00+00:00,00:00,A,Eastern_England,3.51
2023-07-29 23:00:00+00:00,00:00,A,Eastern_England,3.4965
2023-07-30 00:00:00+00:00,00:00,A,Eastern_England,3.51
2023-07-30 23:00:00+00:00,00:00,A,Eastern_England,3.5595
2023-07-31 00:00:00+00:00,00:00,A,Eastern_England,3.57
2023-07-31 23:00:00+00:00,00:00,A,Eastern_England,3.7065
2023-08-01 00:00:00+00:00,00:00,A,Eastern_England,3.72
2023-08-01 23:00:00+00:00,00:00,A,Eastern_England,3.612
2023-08-02 00:00:00+00:00,00:00,A,Eastern_England,3.62
2023-08-02 23:00:00+00:00,00:00,A,Eastern_England,3.759
2023-08-03 00:00:00+00:00,00:00,A,Eastern_England,3.77
2023-08-03 23:00:00+00:00,00:00,A,Eastern_England,4.0005
2023-08-04 00:00:00+00:00,00:00,A,Eastern_England,4.01
2023-08-04 23:00:00+00:00,00:00,A,Eastern_England,3.9165
2023-08-05 00:00:00+00:00,00:00,A,Eastern_England,3.93
2023-08-05 23:00:00+00:00,00:00,A,Eastern_England,3.9165
2023-08-06 00:00:00+00:00,00:00,A,Eastern_England,3.93
2023-08-06 23:00:00+00:00,00:00,A,Eastern_England,3.9165
2023-08-07 00:00:00+00:00,00:00,A,Eastern_England,3.93
2023-08-07 23:00:00+00:00,00:00,A,Eastern_England,3.9165
2023-08-08 00:00:00+00:00,00:00,A,Eastern_England,3.93
2023-08-08 23:00:00+00:00,00:00,A,Eastern_England,3.9585
2023-08-09 00:00:00+00:00,00:00,A,Eastern_England,3.96
2023-08-09 23:00:00+00:00,00:00,A,Eastern_England,4.6935
2023-08-10 00:00:00+00:00,00:00,A,Eastern_England,4.7
2023-08-10 23:00:00+00:00,00:00,A,Eastern_England,4.41
2023-08-11 00:00:00+00:00,00:00,A,Eastern_England,4.42
2023-08-11 23:00:00+00:00,00:00,A,Eastern_England,4.1055
2023-08-12 00:00:00+00:00,00:00,A,Eastern_England,4.12
2023-08-12 23:00:00+00:00,00:00,A,Eastern_England,4.1055
2023-08-13 00:00:00+00:00,00:00,A,Eastern_England,4.12
2023-08-13 23:00:00+00:00,00:00,A,Eastern_England,4.1475
2023-08-14 00:00:00+00:00,00:00,A,Eastern_England,4.15
2023-08-14 23:00:00+00:00,00:00,A,Eastern_England,4.2525
2023-08-15 00:00:00+00:00,00:00,A,Eastern_England,4.26
2023-08-15 23:00:00+00:00,00:00,A,Eastern_England,4.5885
2023-08-16 00:00:00+00:00,00:00,A,Eastern_England,4.6
2023-08-16 23:00:00+00:00,00:00,A,Eastern_England,4.452
2023-08-17 00:00:00+00:00,00:00,A,Eastern_England,4.45
2023-08-17 23:00:00+00:00,00:00,A,Eastern_England,4.263
2023-08-18 00:00:00+00:00,00:00,A,Eastern_England,4.27
2023-08-18 23:00:00+00:00,00:00,A,Eastern_England,4.389
2023-08-19 00:00:00+00:00,00:00,A,Eastern_England,4.4
2023-08-19 23:00:00+00:00,00:00,A,Eastern_England,4.389
2023-08-20 00:00:00+00:00,00:00,A,Eastern_England,4.4
2023-08-20 23:00:00+00:00,00:00,A,Eastern_England,4.41
2023-08-21 00:00:00+00:00,00:00,A,Eastern_England,4.42
2023-08-21 23:00:00+00:00,00:00,A,Eastern_England,4.788
2023-08-22 00:00:00+00:00,00:00,A,Eastern_England,4.8
2023-08-22 23:00:00+00:00,00:00,A,Eastern_England,5.2815
2023-08-23 00:00:00+00:00,00:00,A,Eastern_England,5.29
2023-08-23 23:00:00+00:00,00:00,A,Eastern_England,4.6725
2023-08-24 00:00:00+00:00,00:00,A,Eastern_England,4.68
2023-08-24 23:00:00+00:00,00:00,A,Eastern_England,4.263
2023-08-25 00:00:00+00:00,00:00,A,Eastern_England,4.27
2023-08-25 23:00:00+00:00,00:00,A,Eastern_England,4.5885
2023-08-26 00:00:00+00:00,00:00,A,Eastern_England,4.6
2023-08-26 23:00:00+00:00,00:00,A,Eastern_England,4.5885
2023-08-27 00:00:00+00:00,00:00,A,Eastern_England,4.6
2023-08-27 23:00:00+00:00,00:00,A,Eastern_England,4.5885
2023-08-28 00:00:00+00:00,00:00,A,Eastern_England,4.6
2023-08-28 23:00:00+00:00,00:00,A,Eastern_England,4.5465
2023-08-29 00:00:00+00:00,00:00,A,Eastern_England,4.55
2023-08-29 23:00:00+00:00,00:00,A,Eastern_England,4.5255
2023-08-30 00:00:00+00:00,00:00,A,Eastern_England,4.54
2023-08-30 23:00:00+00:00,00:00,A,Eastern_England,4.6095
2023-08-31 00:00:00+00:00,00:00,A,Eastern_England,4.62
2023-08-31 23:00:00+00:00,00:00,A,Eastern_England,4.452
2023-09-01 00:00:00+00:00,00:00,A,Eastern_England,4.45
2023-09-01 23:00:00+00:00,00:00,A,Eastern_England,4.3365
2023-09-02 00:00:00+00:00,00:00,A,Eastern_England,4.35
2023-09-02 23:00:00+00:00,00:00,A,Eastern_England,4.3365
2023-09-03 00:00:00+00:00,00:00,A,Eastern_England,4.35
2023-09-03 23:00:00+00:00,00:00,A,Eastern_England,4.3155
2023-09-04 00:00:00+00:00,00:00,A,Eastern_England,4.33
2023-09-04 23:00:00+00:00,00:00,A,Eastern_England,4.179
2023-09-05 00:00:00+00:00,00:00,A,Eastern_England,4.19
2023-09-05 23:00:00+00:00,00:00,A,Eastern_England,4.2525
2023-09-06 00:00:00+00:00,00:00,A,Eastern_England,4.26
2023-09-06 23:00:00+00:00,00:00,A,Eastern_England,4.0635
2023-09-07 00:00:00+00:00,00:00,A,Eastern_England,4.07
2023-09-07 23:00:00+00:00,00:00,A,Eastern_England,4.2525
2023-09-08 00:00:00+00:00,00:00,A,Eastern_England,4.26
2023-09-08 23:00:00+00:00,00:00,A,Eastern_England,4.305
2023-09-09 00:00:00+00:00,00:00,A,Eastern_England,4.32
2023-09-09 23:00:00+00:00,00:00,A,Eastern_England,4.305
2023-09-10 00:00:00+00:00,00:00,A,Eastern_England,4.32
2023-09-10 23:00:00+00:00,00:00,A,Eastern_England,4.368
2023-09-11 00:00:00+00:00,00:00,A,Eastern_England,4.38
2023-09-11 23:00:00+00:00,00:00,A,Eastern_England,4.725
2023-09-12 00:00:00+00:00,00:00,A,Eastern_England,4.74
2023-09-12 23:00:00+00:00,00:00,A,Eastern_England,4.599
2023-09-13 00:00:00+00:00,00:00,A,Eastern_England,4.61
2023-09-13 23:00:00+00:00,00:00,A,Eastern_England,4.7565
2023-09-14 00:00:00+00:00,00:00,A,Eastern_England,4.77
2023-09-14 23:00:00+00:00,00:00,A,Eastern_England,4.599
2023-09-15 00:00:00+00:00,00:00,A,Eastern_England,4.61
2023-09-15 23:00:00+00:00,00:00,A,Eastern_England,4.6935
2023-09-16 00:00:00+00:00,00:00,A,Eastern_England,4.7
2023-09-16 23:00:00+00:00,00:00,A,Eastern_England,4.6935
2023-09-17 00:00:00+00:00,00:00,A,Eastern_England,4.7
2023-09-17 23:00:00+00:00,00:00,A,Eastern_England,4.6725
2023-09-18 00:00:00+00:00,00:00,A,Eastern_England,4.68
2023-09-18 23:00:00+00:00,00:00,A,Eastern_England,4.452
2023-09-19 00:00:00+00:00,00:00,A,Eastern_England,4.45
2023-09-19 23:00:00+00:00,00:00,A,Eastern_England,4.788
2023-09-20 00:00:00+00:00,00:00,A,Eastern_England,4.8
2023-09-20 23:00:00+00:00,00:00,A,Eastern_England,4.8405
2023-09-21 00:00:00+00:00,00:00,A,Eastern_England,4.85
2023-09-21 23:00:00+00:00,00:00,A,Eastern_England,4.9665
2023-09-22 00:00:00+00:00,00:00,A,Eastern_England,4.98
2023-09-22 23:00:00+00:00,00:00,A,Eastern_England,5.124
2023-09-23 00:00:00+00:00,00:00,A,Eastern_England,5.13
2023-09-23 23:00:00+00:00,00:00,A,Eastern_England,5.124
2023-09-24 00:00:00+00:00,00:00,A,Eastern_England,5.13
2023-09-24 23:00:00+00:00,00:00,A,Eastern_England,5.0925
2023-09-25 00:00:00+00:00,00:00,A,Eastern_England,5.1
2023-09-25 23:00:00+00:00,00:00,A,Eastern_England,5.4075
2023-09-26 00:00:00+00:00,00:00,A,Eastern_England,5.42
2023-09-26 23:00:00+00:00,00:00,A,Eastern_England,4.956
2023-09-27 00:00:00+00:00,00:00,A,Eastern_England,4.97
2023-09-27 23:00:00+00:00,00:00,A,Eastern_England,4.956
2023-09-28 00:00:00+00:00,00:00,A,Eastern_England,4.97
2023-09-28 23:00:00+00:00,00:00,A,Eastern_England,4.9245
2023-09-29 00:00:00+00:00,00:00,A,Eastern_England,4.93
2023-09-29 23:00:00+00:00,00:00,A,Eastern_England,4.7565
2023-09-30 00:00:00+00:00,00:00,A,Eastern_England,4.77
2023-09-30 23:00:00+00:00,00:00,A,Eastern_England,4.7565
2023-10-01 23:00:00+00:00,00:00,A,Eastern_England,4.7775
2023-10-02 23:00:00+00:00,00:00,A,Eastern_England,4.2525
2023-10-03 23:00:00+00:00,00:00,A,Eastern_England,3.9585
2023-10-04 23:00:00+00:00,00:00,A,Eastern_England,4.1055
2023-10-05 23:00:00+00:00,00:00,A,Eastern_England,3.5805
2023-10-06 23:00:00+00:00,00:00,A,Eastern_England,4.179
2023-10-07 23:00:00+00:00,00:00,A,Eastern_England,4.179
2023-10-08 23:00:00+00:00,00:00,A,Eastern_England,4.137
2023-10-09 23:00:00+00:00,00:00,A,Eastern_England,4.725
2023-10-10 23:00:00+00:00,00:00,A,Eastern_England,5.292
2023-10-11 23:00:00+00:00,00:00,A,Eastern_England,5.4705
2023-10-12 23:00:00+00:00,00:00,A,Eastern_England,5.6175
2023-10-13 23:00:00+00:00,00:00,A,Eastern_England,6.3525
2023-10-14 23:00:00+00:00,00:00,A,Eastern_England,6.3525
2023-10-15 23:00:00+00:00,00:00,A,Eastern_England,6.4155
2023-10-16 23:00:00+00:00,00:00,A,Eastern_England,5.2395
2023-10-17 23:00:00+00:00,00:00,A,Eastern_England,4.977
2023-10-18 23:00:00+00:00,00:00,A,Eastern_England,5.355
2023-10-19 23:00:00+00:00,00:00,A,Eastern_England,5.124
2023-10-20 23:00:00+00:00,00:00,A,Eastern_England,5.166
2023-10-21 23:00:00+00:00,00:00,A,Eastern_England,5.166
2023-10-22 23:00:00+00:00,00:00,A,Eastern_England,5.145
2023-10-23 23:00:00+00:00,00:00,A,Eastern_England,5.691
2023-10-24 23:00:00+00:00,00:00,A,Eastern_England,5.691
2023-10-25 23:00:00+00:00,00:00,A,Eastern_England,5.775
2023-10-26 23:00:00+00:00,00:00,A,Eastern_England,5.691
2023-10-27 23:00:00+00:00,00:00,A,Eastern_England,5.502
2023-10-28 23:00:00+00:00,00:00,A,Eastern_England,5.502
2023-10-30 00:00:00+00:00,00:00,A,Eastern_England,5.6175
2023-10-31 00:00:00+00:00,00:00,A,Eastern_England,5.754
2023-11-01 00:00:00+00:00,00:00,A,Eastern_England,4.8825
2023-11-02 00:00:00+00:00,00:00,A,Eastern_England,4.4835
2023-11-03 00:00:00+00:00,00:00,A,Eastern_England,4.914
2023-11-04 00:00:00+00:00,00:00,A,Eastern_England,4.914
2023-11-05 00:00:00+00:00,00:00,A,Eastern_England,4.914
2023-11-06 00:00:00+00:00,00:00,A,Eastern_England,4.914
2023-11-07 00:00:00+00:00,00:00,A,Eastern_England,4.9455
2023-11-08 00:00:00+00:00,00:00,A,Eastern_England,5.187
2023-11-09 00:00:00+00:00,00:00,A,Eastern_England,5.229
2023-11-10 00:00:00+00:00,00:00,A,Eastern_England,5.124
2023-11-11 00:00:00+00:00,00:00,A,Eastern_England,5.0505
2023-11-12 00:00:00+00:00,00:00,A,Eastern_England,5.0505
2023-11-13 00:00:00+00:00,00:00,A,Eastern_England,5.0715
2023-11-14 00:00:00+00:00,00:00,A,Eastern_England,4.725
2023-11-15 00:00:00+00:00,00:00,A,Eastern_England,4.935
2023-11-16 00:00:00+00:00,00:00,A,Eastern_England,5.208
2023-11-17 00:00:00+00:00,00:00,A,Eastern_England,5.208
2023-11-18 00:00:00+00:00,00:00,A,Eastern_England,5.208
2023-11-19 00:00:00+00:00,00:00,A,Eastern_England,5.208
2023-11-20 00:00:00+00:00,00:00,A,Eastern_England,5.208
2023-11-21 00:00:00+00:00,00:00,A,Eastern_England,5.523
2023-11-22 00:00:00+00:00,00:00,A,Eastern_England,5.376
2023-11-23 00:00:00+00:00,00:00,A,Eastern_England,5.313
2023-11-24 00:00:00+00:00,00:00,A,Eastern_England,5.733
2023-11-25 00:00:00+00:00,00:00,A,Eastern_England,5.733
2023-11-26 00:00:00+00:00,00:00,A,Eastern_England,5.733
2023-11-27 00:00:00+00:00,00:00,A,Eastern_England,5.733
2023-11-28 00:00:00+00:00,00:00,A,Eastern_England,5.4705
2023-11-29 00:00:00+00:00,00:00,A,Eastern_England,5.565
2023-11-30 00:00:00+00:00,00:00,A,Eastern_England,5.313
2023-12-01 00:00:00+00:00,00:00,A,Eastern_England,5.3445
2023-12-02 00:00:00+00:00,00:00,A,Eastern_England,5.4075
2023-12-03 00:00:00+00:00,00:00,A,Eastern_England,5.4075
2023-12-04 00:00:00+00:00,00:00,A,Eastern_England,5.439
2023-12-05 00:00:00+00:00,00:00,A,Eastern_England,5.04
2023-12-06 00:00:00+00:00,00:00,A,Eastern_England,4.893
2023-12-07 00:00:00+00:00,00:00,A,Eastern_England,4.956
2023-12-08 00:00:00+00:00,00:00,A,Eastern_England,5.019
2023-12-09 00:00:00+00:00,00:00,A,Eastern_England,4.9455
2023-12-10 00:00:00+00:00,00:00,A,Eastern_England,4.9455
2023-12-11 00:00:00+00:00,00:00,A,Eastern_England,4.9455
2023-12-12 00:00:00+00:00,00:00,A,Eastern_England,4.6935
2023-12-13 00:00:00+00:00,00:00,A,Eastern_England,4.5885
2023-12-14 00:00:00+00:00,00:00,A,Eastern_England,4.5465
2023-12-15 00:00:00+00:00,00:00,A,Eastern_England,4.5045
2023-12-16 00:00:00+00:00,00:00,A,Eastern_England,4.158
2023-12-17 00:00:00+00:00,00:00,A,Eastern_England,4.158
2023-12-18 00:00:00+00:00,00:00,A,Eastern_England,4.1685
2023-12-19 00:00:00+00:00,00:00,A,Eastern_England,4.284
2023-12-20 00:00:00+00:00,00:00,A,Eastern_England,4.095
2023-12-21 00:00:00+00:00,00:00,A,Eastern_England,4.1055
2023-12-22 00:00:00+00:00,00:00,A,Eastern_England,4.179
2023-12-23 00:00:00+00:00,00:00,A,Eastern_England,4.1895
2023-12-24 00:00:00+00:00,00:00,A,Eastern_England,4.1895
2023-12-25 00:00:00+00:00,00:00,A,Eastern_England,4.1895
2023-12-26 00:00:00+00:00,00:00,A,Eastern_England,4.1895
2023-12-27 00:00:00+00:00,00:00,A,Eastern_England,4.2315
2023-12-28 00:00:00+00:00,00:00,A,Eastern_England,4.4415
2023-12-29 00:00:00+00:00,00:00,A,Eastern_England,4.326
2023-12-30 00:00:00+00:00,00:00,A,Eastern_England,4.305
2023-12-31 00:00:00+00:00,00:00,A,Eastern_England,4.305
2024-01-01 00:00:00+00:00,00:00,A,Eastern_England,4.305
2024-01-02 00:00:00+00:00,00:00,A,Eastern_England,4.41
2024-01-03 00:00:00+00:00,00:00,A,Eastern_England,4.0845
2024-01-04 00:00:00+00:00,00:00,A,Eastern_England,4.4415
2024-01-05 00:00:00+00:00,00:00,A,Eastern_England,4.557
2024-01-06 00:00:00+00:00,00:00,A,Eastern_England,4.6515
2024-01-07 00:00:00+00:00,00:00,A,Eastern_England,4.6515
2024-01-08 00:00:00+00:00,00:00,A,Eastern_England,4.683
2024-01-09 00:00:00+00:00,00:00,A,Eastern_England,4.389
2024-01-10 00:00:00+00:00,00:00,A,Eastern_England,4.368
2024-01-11 00:00:00+00:00,00:00,A,Eastern_England,4.3575
2024-01-12 00:00:00+00:00,00:00,A,Eastern_England,4.3575
2024-01-13 00:00:00+00:00,00:00,A,Eastern_England,4.389
2024-01-14 00:00:00+00:00,00:00,A,Eastern_England,4.389
2024-01-15 00:00:00+00:00,00:00,A,Eastern_England,4.431
2024-01-16 00:00:00+00:00,00:00,A,Eastern_England,4.2525
2024-01-17 00:00:00+00:00,00:00,A,Eastern_England,4.221
2024-01-18 00:00:00+00:00,00:00,A,Eastern_England,4.0005
2024-01-19 00:00:00+00:00,00:00,A,Eastern_England,4.0005
2024-01-20 00:00:00+00:00,00:00,A,Eastern_England,3.9795
2024-01-21 00:00:00+00:00,00:00,A,Eastern_England,3.9795
2024-01-22 00:00:00+00:00,00:00,A,Eastern_England,3.99
2024-01-23 00:00:00+00:00,00:00,A,Eastern_England,3.8745
2024-01-24 00:00:00+00:00,00:00,A,Eastern_England,3.864
2024-01-25 00:00:00+00:00,00:00,A,Eastern_England,4.032
2024-01-26 00:00:00+00:00,00:00,A,Eastern_England,3.906
2024-01-27 00:00:00+00:00,00:00,A,Eastern_England,3.9795
2024-01-28 00:00:00+00:00,00:00,A,Eastern_England,3.9795
2024-01-29 00:00:00+00:00,00:00,A,Eastern_England,4.0005
2024-01-30 00:00:00+00:00,00:00,A,Eastern_England,4.0215
2024-01-31 00:00:00+00:00,00:00,A,Eastern_England,4.1475
2024-02-01 00:00:00+00:00,00:00,A,Eastern_England,4.1895
2024-02-02 00:00:00+00:00,00:00,A,Eastern_England,4.011
2024-02-03 00:00:00+00:00,00:00,A,Eastern_England,4.0215
2024-02-04 00:00:00+00:00,00:00,A,Eastern_England,4.0215
2024-02-05 00:00:00+00:00,00:00,A,Eastern_England,4.0215
2024-02-06 00:00:00+00:00,00:00,A,Eastern_England,4.0215
2024-02-07 00:00:00+00:00,00:00,A,Eastern_England,4.1055
2024-02-08 00:00:00+00:00,00:00,A,Eastern_England,4.095
2024-02-09 00:00:00+00:00,00:00,A,Eastern_England,3.99
2024-02-10 00:00:00+00:00,00:00,A,Eastern_England,3.9375
2024-02-11 00:00:00+00:00,00:00,A,Eastern_England,3.9375
2024-02-12 00:00:00+00:00,00:00,A,Eastern_England,3.948
2024-02-13 00:00:00+00:00,00:00,A,Eastern_England,3.7695
2024-02-14 00:00:00+00:00,00:00,A,Eastern_England,3.738
2024-02-15 00:00:00+00:00,00:00,A,Eastern_England,3.6435
2024-02-16 00:00:00+00:00,00:00,A,Eastern_England,3.6435
2024-02-17 00:00:00+00:00,00:00,A,Eastern_England,3.6225
2024-02-18 00:00:00+00:00,00:00,A,Eastern_England,3.6225
2024-02-19 00:00:00+00:00,00:00,A,Eastern_England,3.6435
2024-02-20 00:00:00+00:00,00:00,A,Eastern_England,3.4965
2024-02-21 00:00:00+00:00,00:00,A,Eastern_England,3.5385
2024-02-22 00:00:00+00:00,00:00,A,Eastern_England,3.6015
2024-02-23 00:00:00+00:00,00:00,A,Eastern_England,3.5805
2024-02-24 00:00:00+00:00,00:00,A,Eastern_England,3.612
2024-02-25 00:00:00+00:00,00:00,A,Eastern_England,3.612
2024-02-26 00:00:00+00:00,00:00,A,Eastern_England,3.5595
2024-02-27 00:00:00+00:00,00:00,A,Eastern_England,3.675
2024-02-28 00:00:00+00:00,00:00,A,Eastern_England,3.7065
2024-02-29 00:00:00+00:00,00:00,A,Eastern_England,3.7695
2024-03-01 00:00:00+00:00,00:00,A,Eastern_England,3.78
2024-03-02 00:00:00+00:00,00:00,A,Eastern_England,3.9165
2024-03-03 00:00:00+00:00,00:00,A,Eastern_England,3.9165
2024-03-04 00:00:00+00:00,00:00,A,Eastern_England,3.927
2024-03-05 00:00:00+00:00,00:00,A,Eastern_England,4.011
2024-03-06 00:00:00+00:00,00:00,A,Eastern_England,4.095
2024-03-07 00:00:00+00:00,00:00,A,Eastern_England,3.948
2024-03-08 00:00:00+00:00,00:00,A,Eastern_England,3.906
2024-03-09 00:00:00+00:00,00:00,A,Eastern_England,3.906
2024-03-10 00:00:00+00:00,00:00,A,Eastern_England,3.906
2024-03-11 00:00:00+00:00,00:00,A,Eastern_England,3.906
2024-03-12 00:00:00+00:00,00:00,A,Eastern_England,3.8115
2024-03-13 00:00:00+00:00,00:00,A,Eastern_England,3.759
2024-03-14 00:00:00+00:00,00:00,A,Eastern_England,3.7275
2024-03-15 00:00:00+00:00,00:00,A,Eastern_England,3.8325
2024-03-16 00:00:00+00:00,00:00,A,Eastern_England,4.0005
2024-03-17 00:00:00+00:00,00:00,A,Eastern_England,4.0005
2024-03-18 00:00:00+00:00,00:00,A,Eastern_England,3.9795
2024-03-19 00:00:00+00:00,00:00,A,Eastern_England,4.2105
2024-03-20 00:00:00+00:00,00:00,A,Eastern_England,4.2
2024-03-21 00:00:00+00:00,00:00,A,Eastern_England,4.053
2024-03-22 00:00:00+00:00,00:00,A,Eastern_England,3.9165
2024-03-23 00:00:00+00:00,00:00,A,Eastern_England,4.0425
2024-03-24 00:00:00+00:00,00:00,A,Eastern_England,4.0425
2024-03-25 00:00:00+00:00,00:00,A,Eastern_England,4.137
2024-03-26 00:00:00+00:00,00:00,A,Eastern_England,4.1895
2024-03-27 00:00:00+00:00,00:00,A,Eastern_England,4.032
2024-03-28 00:00:00+00:00,00:00,A,Eastern_England,4.0425
2024-03-29 00:00:00+00:00,00:00,A,Eastern_England,3.9165
2024-03-30 00:00:00+00:00,00:00,A,Eastern_England,3.9165
2024-03-31 00:00:00+00:00,00:00,A,Eastern_England,3.9165
2024-03-31 23:00:00+00:00,00:00,A,Eastern_England,3.8745
2024-04-01 00:00:00+00:00,00:00,A,Eastern_England,3.9165
2024-04-01 23:00:00+00:00,00:00,A,Eastern_England,3.927
2024-04-02 00:00:00+00:00,00:00,A,Eastern_England,3.969
2024-04-03 00:00:00+00:00,00:00,A,Eastern_England,3.8535
2024-04-04 00:00:00+00:00,00:00,A,Eastern_England,3.78
2024-04-05 00:00:00+00:00,00:00,A,Eastern_England,3.7695
2024-04-06 00:00:00+00:00,00:00,A,Eastern_England,3.822
2024-04-07 00:00:00+00:00,00:00,A,Eastern_England,3.822
2024-04-08 00:00:00+00:00,00:00,A,Eastern_England,3.843
